,name,followers,current_viewers,days,hours,minutes,test
1315,xixo,28787,165,31,15,10,2015-05-31 15:10:00
1337,xixo,28796,384,31,15,20,2015-05-31 15:20:00
1362,xixo,28796,472,31,15,30,2015-05-31 15:30:00
1385,xixo,28796,680,31,15,40,2015-05-31 15:40:00
1411,xixo,28796,651,31,15,50,2015-05-31 15:50:00
1434,xixo,28796,682,31,16,0,2015-05-31 16:00:00
1459,xixo,28796,659,31,16,10,2015-05-31 16:10:00
1485,xixo,28826,611,31,16,20,2015-05-31 16:20:00
1508,xixo,28826,632,31,16,30,2015-05-31 16:30:00
1534,xixo,28826,583,31,16,40,2015-05-31 16:40:00
1557,xixo,28826,828,31,16,50,2015-05-31 16:50:00
1578,xixo,28826,1739,31,17,0,2015-05-31 17:00:00
1603,xixo,28826,2271,31,17,10,2015-05-31 17:10:00
1628,xixo,28859,2098,31,17,20,2015-05-31 17:20:00
1653,xixo,28859,1968,31,17,30,2015-05-31 17:30:00
1678,xixo,28859,2303,31,17,40,2015-05-31 17:40:00
1704,xixo,28859,1890,31,18,0,2015-05-31 18:00:00
1729,xixo,28859,1663,31,18,10,2015-05-31 18:10:00
1754,xixo,28889,1505,31,18,30,2015-05-31 18:30:00
1780,xixo,28904,616,31,18,40,2015-05-31 18:40:00
1804,xixo,28904,1038,31,18,50,2015-05-31 18:50:00
1829,xixo,28904,1071,31,19,0,2015-05-31 19:00:00
1853,xixo,28904,1146,31,19,10,2015-05-31 19:10:00
1879,xixo,28922,1168,31,19,30,2015-05-31 19:30:00
4390,xixo,28954,279,1,16,10,2015-06-01 16:10:00
4410,xixo,28957,433,1,16,20,2015-06-01 16:20:00
4434,xixo,28957,621,1,16,30,2015-06-01 16:30:00
4456,xixo,28957,811,1,16,40,2015-06-01 16:40:00
4481,xixo,28957,857,1,16,50,2015-06-01 16:50:00
4506,xixo,28957,1028,1,17,0,2015-06-01 17:00:00
4531,xixo,28957,1151,1,17,10,2015-06-01 17:10:00
4554,xixo,28993,1172,1,17,20,2015-06-01 17:20:00
4578,xixo,28993,1316,1,17,30,2015-06-01 17:30:00
4603,xixo,28993,1476,1,17,40,2015-06-01 17:40:00
4628,xixo,28993,1537,1,17,50,2015-06-01 17:50:00
4653,xixo,28993,1367,1,18,0,2015-06-01 18:00:00
4678,xixo,28993,1362,1,18,10,2015-06-01 18:10:00
4703,xixo,29026,1515,1,18,20,2015-06-01 18:20:00
4728,xixo,29026,1524,1,18,30,2015-06-01 18:30:00
4754,xixo,29040,1094,1,18,40,2015-06-01 18:40:00
4778,xixo,29040,1306,1,18,50,2015-06-01 18:50:00
4799,purpledrank_hs,5093,55,1,18,50,2015-06-01 18:50:00
4820,purpledrank_hs,5093,93,1,19,0,2015-06-01 19:00:00
4830,xixo,29052,598,1,19,10,2015-06-01 19:10:00
4839,purpledrank_hs,5093,156,1,19,10,2015-06-01 19:10:00
4852,xixo,29052,983,1,19,20,2015-06-01 19:20:00
4863,purpledrank_hs,5094,166,1,19,20,2015-06-01 19:20:00
4877,xixo,29052,1173,1,19,30,2015-06-01 19:30:00
4887,purpledrank_hs,5094,196,1,19,30,2015-06-01 19:30:00
4902,xixo,29052,1287,1,19,40,2015-06-01 19:40:00
4910,purpledrank_hs,5094,229,1,19,40,2015-06-01 19:40:00
4927,xixo,29070,915,1,20,0,2015-06-01 20:00:00
4934,purpledrank_hs,5094,275,1,20,0,2015-06-01 20:00:00
4954,purpledrank_hs,5112,758,1,20,30,2015-06-01 20:30:00
4978,purpledrank_hs,5112,723,1,20,40,2015-06-01 20:40:00
5003,purpledrank_hs,5112,809,1,20,50,2015-06-01 20:50:00
5028,purpledrank_hs,5112,823,1,21,0,2015-06-01 21:00:00
5053,purpledrank_hs,5112,824,1,21,10,2015-06-01 21:10:00
5078,purpledrank_hs,5140,627,1,21,20,2015-06-01 21:20:00
5103,purpledrank_hs,5140,878,1,21,30,2015-06-01 21:30:00
5128,purpledrank_hs,5140,865,1,21,40,2015-06-01 21:40:00
5153,purpledrank_hs,5140,855,1,22,0,2015-06-01 22:00:00
5180,purpledrank_hs,5140,739,1,22,10,2015-06-01 22:10:00
5183,deernadia,128550,362,1,22,10,2015-06-01 22:10:00
5204,deernadia,128552,924,1,22,30,2015-06-01 22:30:00
5229,deernadia,128552,1016,1,22,40,2015-06-01 22:40:00
5254,deernadia,128552,1278,1,22,50,2015-06-01 22:50:00
5279,deernadia,128552,1275,1,23,0,2015-06-01 23:00:00
5304,deernadia,128552,1360,1,23,10,2015-06-01 23:10:00
5329,deernadia,128582,1381,1,23,20,2015-06-01 23:20:00
5354,deernadia,128582,1351,1,23,30,2015-06-01 23:30:00
5379,deernadia,128582,1374,1,23,40,2015-06-01 23:40:00
5404,deernadia,128582,1349,1,23,50,2015-06-01 23:50:00
5429,deernadia,128582,1403,2,0,0,2015-06-02 00:00:00
6949,orange_hs,8449,248,2,11,0,2015-06-02 11:00:00
6973,orange_hs,8449,258,2,11,10,2015-06-02 11:10:00
6995,orange_hs,8460,306,2,11,20,2015-06-02 11:20:00
7017,orange_hs,8460,325,2,11,40,2015-06-02 11:40:00
7042,orange_hs,8460,348,2,11,50,2015-06-02 11:50:00
7067,orange_hs,8468,355,2,12,0,2015-06-02 12:00:00
7096,orange_hs,8468,308,2,12,10,2015-06-02 12:10:00
7118,orange_hs,8473,281,2,12,20,2015-06-02 12:20:00
7146,orange_hs,8473,256,2,12,40,2015-06-02 12:40:00
7170,orange_hs,8473,269,2,12,50,2015-06-02 12:50:00
7194,orange_hs,8473,276,2,13,0,2015-06-02 13:00:00
7219,orange_hs,8473,298,2,13,10,2015-06-02 13:10:00
7245,orange_hs,8484,289,2,13,20,2015-06-02 13:20:00
7470,xixo,29084,222,2,15,0,2015-06-02 15:00:00
7485,xixo,29092,640,2,15,20,2015-06-02 15:20:00
7505,xixo,29153,1626,2,17,20,2015-06-02 17:20:00
7523,purpledrank_hs,5185,145,2,17,20,2015-06-02 17:20:00
7530,xixo,29153,1606,2,17,30,2015-06-02 17:30:00
7548,purpledrank_hs,5185,142,2,17,30,2015-06-02 17:30:00
7566,purpledrank_hs,5185,170,2,17,50,2015-06-02 17:50:00
7591,purpledrank_hs,5185,161,2,18,0,2015-06-02 18:00:00
7615,purpledrank_hs,5185,172,2,18,10,2015-06-02 18:10:00
7640,purpledrank_hs,5188,185,2,18,20,2015-06-02 18:20:00
7662,purpledrank_hs,5188,179,2,18,30,2015-06-02 18:30:00
7687,purpledrank_hs,5188,178,2,18,40,2015-06-02 18:40:00
7712,purpledrank_hs,5188,177,2,19,0,2015-06-02 19:00:00
7737,purpledrank_hs,5188,197,2,19,10,2015-06-02 19:10:00
7761,purpledrank_hs,5194,192,2,19,20,2015-06-02 19:20:00
7785,purpledrank_hs,5194,205,2,19,30,2015-06-02 19:30:00
7808,purpledrank_hs,5194,230,2,19,40,2015-06-02 19:40:00
7833,purpledrank_hs,5194,221,2,19,50,2015-06-02 19:50:00
7857,purpledrank_hs,5194,225,2,20,0,2015-06-02 20:00:00
7882,purpledrank_hs,5194,211,2,20,10,2015-06-02 20:10:00
7908,purpledrank_hs,5199,313,2,20,20,2015-06-02 20:20:00
7933,purpledrank_hs,5199,298,2,20,30,2015-06-02 20:30:00
7958,purpledrank_hs,5199,277,2,20,40,2015-06-02 20:40:00
7983,purpledrank_hs,5199,314,2,20,50,2015-06-02 20:50:00
8007,purpledrank_hs,5199,305,2,21,0,2015-06-02 21:00:00
8180,deernadia,128651,636,2,22,20,2015-06-02 22:20:00
8203,deernadia,128651,1306,2,22,30,2015-06-02 22:30:00
8227,deernadia,128651,1449,2,22,40,2015-06-02 22:40:00
8252,deernadia,128651,1494,2,22,50,2015-06-02 22:50:00
8277,deernadia,128651,1603,2,23,0,2015-06-02 23:00:00
8301,deernadia,128732,1892,2,23,20,2015-06-02 23:20:00
8326,deernadia,128732,1952,2,23,30,2015-06-02 23:30:00
8351,deernadia,128732,2097,2,23,40,2015-06-02 23:40:00
8376,deernadia,128732,2305,2,23,50,2015-06-02 23:50:00
8401,deernadia,128732,2322,3,0,0,2015-06-03 00:00:00
9769,orange_hs,8492,204,3,9,50,2015-06-03 09:50:00
9792,orange_hs,8492,240,3,10,10,2015-06-03 10:10:00
9817,orange_hs,8502,270,3,10,20,2015-06-03 10:20:00
9838,orange_hs,8502,281,3,10,30,2015-06-03 10:30:00
9863,orange_hs,8502,275,3,10,40,2015-06-03 10:40:00
9889,orange_hs,8502,316,3,10,50,2015-06-03 10:50:00
9914,orange_hs,8502,353,3,11,0,2015-06-03 11:00:00
9939,orange_hs,8502,328,3,11,10,2015-06-03 11:10:00
9964,orange_hs,8512,328,3,11,20,2015-06-03 11:20:00
9988,orange_hs,8512,327,3,11,30,2015-06-03 11:30:00
10014,orange_hs,8512,317,3,11,40,2015-06-03 11:40:00
10040,orange_hs,8512,312,3,11,50,2015-06-03 11:50:00
11116,purpledrank_hs,5214,98,3,19,50,2015-06-03 19:50:00
11139,purpledrank_hs,5214,119,3,20,0,2015-06-03 20:00:00
11162,purpledrank_hs,5214,135,3,20,10,2015-06-03 20:10:00
11184,purpledrank_hs,5215,183,3,20,20,2015-06-03 20:20:00
11208,purpledrank_hs,5215,274,3,20,30,2015-06-03 20:30:00
11232,purpledrank_hs,5215,323,3,20,40,2015-06-03 20:40:00
11257,purpledrank_hs,5215,353,3,20,50,2015-06-03 20:50:00
11283,purpledrank_hs,5215,268,3,21,0,2015-06-03 21:00:00
11308,purpledrank_hs,5215,321,3,21,10,2015-06-03 21:10:00
11358,purpledrank_hs,5232,231,3,21,30,2015-06-03 21:30:00
11376,purpledrank_hs,5232,1762,3,21,40,2015-06-03 21:40:00
11401,purpledrank_hs,5232,2002,3,21,50,2015-06-03 21:50:00
11426,purpledrank_hs,5232,1926,3,22,0,2015-06-03 22:00:00
11451,purpledrank_hs,5232,1949,3,22,10,2015-06-03 22:10:00
11476,purpledrank_hs,5284,2045,3,22,20,2015-06-03 22:20:00
11501,purpledrank_hs,5284,2208,3,22,30,2015-06-03 22:30:00
11505,deernadia,128903,543,3,22,30,2015-06-03 22:30:00
11526,purpledrank_hs,5284,1807,3,22,40,2015-06-03 22:40:00
11527,deernadia,128903,1358,3,22,40,2015-06-03 22:40:00
11551,purpledrank_hs,5284,1947,3,22,50,2015-06-03 22:50:00
11552,deernadia,128903,1753,3,22,50,2015-06-03 22:50:00
11576,purpledrank_hs,5284,1988,3,23,0,2015-06-03 23:00:00
11577,deernadia,128903,1702,3,23,0,2015-06-03 23:00:00
11601,purpledrank_hs,5284,2091,3,23,10,2015-06-03 23:10:00
11602,deernadia,128903,1761,3,23,10,2015-06-03 23:10:00
11626,deernadia,128945,1851,3,23,20,2015-06-03 23:20:00
11627,purpledrank_hs,5350,1812,3,23,20,2015-06-03 23:20:00
11651,purpledrank_hs,5350,1985,3,23,30,2015-06-03 23:30:00
11652,deernadia,128945,1942,3,23,30,2015-06-03 23:30:00
11676,deernadia,128945,2621,3,23,50,2015-06-03 23:50:00
11701,deernadia,128945,2523,4,0,0,2015-06-04 00:00:00
12361,xixo,29183,307,4,4,40,2015-06-04 04:40:00
12384,xixo,29183,522,4,4,50,2015-06-04 04:50:00
12406,xixo,29183,975,4,5,10,2015-06-04 05:10:00
12431,xixo,29197,1163,4,5,20,2015-06-04 05:20:00
12454,xixo,29197,1513,4,5,30,2015-06-04 05:30:00
12478,xixo,29197,1615,4,5,40,2015-06-04 05:40:00
12503,xixo,29197,1713,4,5,50,2015-06-04 05:50:00
12528,xixo,29197,1896,4,6,0,2015-06-04 06:00:00
12553,xixo,29197,2071,4,6,10,2015-06-04 06:10:00
12578,xixo,29251,2072,4,6,20,2015-06-04 06:20:00
12603,xixo,29251,2189,4,6,30,2015-06-04 06:30:00
12628,xixo,29251,2136,4,6,40,2015-06-04 06:40:00
12652,amazhs,440614,4389,4,7,0,2015-06-04 07:00:00
12654,xixo,29251,2167,4,7,0,2015-06-04 07:00:00
12677,amazhs,440655,5273,4,7,10,2015-06-04 07:10:00
12679,xixo,29251,2097,4,7,10,2015-06-04 07:10:00
12701,amazhs,440690,8611,4,7,20,2015-06-04 07:20:00
12705,xixo,29293,1792,4,7,20,2015-06-04 07:20:00
12726,amazhs,440690,11563,4,7,30,2015-06-04 07:30:00
12730,xixo,29293,1700,4,7,30,2015-06-04 07:30:00
12750,amazhs,440690,14140,4,7,40,2015-06-04 07:40:00
12755,xixo,29293,1697,4,7,40,2015-06-04 07:40:00
12775,amazhs,440690,17367,4,7,50,2015-06-04 07:50:00
12800,amazhs,440690,19245,4,8,0,2015-06-04 08:00:00
12825,amazhs,440690,21935,4,8,10,2015-06-04 08:10:00
12850,amazhs,440978,22608,4,8,20,2015-06-04 08:20:00
12875,amazhs,440978,24363,4,8,30,2015-06-04 08:30:00
12900,amazhs,440978,24637,4,8,40,2015-06-04 08:40:00
12925,amazhs,440978,24257,4,8,50,2015-06-04 08:50:00
12950,amazhs,440978,27115,4,9,0,2015-06-04 09:00:00
12975,amazhs,440978,24792,4,9,10,2015-06-04 09:10:00
13000,amazhs,441322,24961,4,9,20,2015-06-04 09:20:00
13025,amazhs,441322,23875,4,9,30,2015-06-04 09:30:00
13050,amazhs,441322,22294,4,9,40,2015-06-04 09:40:00
13075,amazhs,441322,22461,4,9,50,2015-06-04 09:50:00
13100,amazhs,441322,21937,4,10,0,2015-06-04 10:00:00
13125,amazhs,441322,22026,4,10,10,2015-06-04 10:10:00
13150,amazhs,441578,22346,4,10,20,2015-06-04 10:20:00
13175,amazhs,441578,22564,4,10,30,2015-06-04 10:30:00
13199,orange_hs,8524,171,4,10,30,2015-06-04 10:30:00
13202,orange_hs,8524,6424,4,10,40,2015-06-04 10:40:00
13227,orange_hs,8524,5328,4,10,50,2015-06-04 10:50:00
13252,orange_hs,8524,4954,4,11,0,2015-06-04 11:00:00
13277,orange_hs,8524,4271,4,11,10,2015-06-04 11:10:00
13302,orange_hs,8673,4011,4,11,20,2015-06-04 11:20:00
13327,orange_hs,8673,3795,4,11,30,2015-06-04 11:30:00
13352,orange_hs,8673,3604,4,11,40,2015-06-04 11:40:00
13377,orange_hs,8673,3640,4,11,50,2015-06-04 11:50:00
13402,orange_hs,8673,3216,4,12,0,2015-06-04 12:00:00
13427,orange_hs,8673,3137,4,12,10,2015-06-04 12:10:00
13453,orange_hs,8790,2991,4,12,20,2015-06-04 12:20:00
13745,zalaehs,8902,185,4,14,20,2015-06-04 14:20:00
13766,zalaehs,8902,229,4,14,30,2015-06-04 14:30:00
13788,zalaehs,8902,270,4,14,40,2015-06-04 14:40:00
13813,zalaehs,8902,267,4,14,50,2015-06-04 14:50:00
13840,zalaehs,8902,273,4,15,0,2015-06-04 15:00:00
13864,zalaehs,8902,304,4,15,10,2015-06-04 15:10:00
13888,zalaehs,8906,338,4,15,20,2015-06-04 15:20:00
13910,zalaehs,8906,361,4,15,30,2015-06-04 15:30:00
13935,zalaehs,8906,379,4,15,50,2015-06-04 15:50:00
13959,zalaehs,8906,389,4,16,0,2015-06-04 16:00:00
13985,zalaehs,8906,414,4,16,10,2015-06-04 16:10:00
13996,purpledrank_hs,5367,122,4,16,10,2015-06-04 16:10:00
14009,zalaehs,8913,418,4,16,30,2015-06-04 16:30:00
14013,purpledrank_hs,5368,247,4,16,30,2015-06-04 16:30:00
14034,zalaehs,8913,419,4,16,40,2015-06-04 16:40:00
14038,purpledrank_hs,5368,306,4,16,40,2015-06-04 16:40:00
14060,zalaehs,8913,391,4,16,50,2015-06-04 16:50:00
14063,purpledrank_hs,5368,320,4,16,50,2015-06-04 16:50:00
14084,zalaehs,8913,370,4,17,0,2015-06-04 17:00:00
14086,purpledrank_hs,5368,351,4,17,0,2015-06-04 17:00:00
14108,purpledrank_hs,5368,461,4,17,10,2015-06-04 17:10:00
14111,zalaehs,8913,353,4,17,10,2015-06-04 17:10:00
14133,purpledrank_hs,5381,378,4,17,20,2015-06-04 17:20:00
14135,zalaehs,8923,341,4,17,20,2015-06-04 17:20:00
14158,purpledrank_hs,5381,407,4,17,30,2015-06-04 17:30:00
14161,zalaehs,8923,295,4,17,30,2015-06-04 17:30:00
14184,purpledrank_hs,5381,377,4,17,40,2015-06-04 17:40:00
14187,zalaehs,8923,284,4,17,40,2015-06-04 17:40:00
14207,purpledrank_hs,5381,374,4,17,50,2015-06-04 17:50:00
14211,zalaehs,8923,264,4,17,50,2015-06-04 17:50:00
14234,purpledrank_hs,5381,356,4,18,0,2015-06-04 18:00:00
14237,zalaehs,8923,256,4,18,0,2015-06-04 18:00:00
14259,purpledrank_hs,5381,365,4,18,10,2015-06-04 18:10:00
14263,zalaehs,8923,238,4,18,10,2015-06-04 18:10:00
14288,purpledrank_hs,5384,271,4,18,30,2015-06-04 18:30:00
14289,zalaehs,8924,247,4,18,30,2015-06-04 18:30:00
14312,purpledrank_hs,5384,295,4,18,40,2015-06-04 18:40:00
14315,zalaehs,8924,229,4,18,40,2015-06-04 18:40:00
14337,purpledrank_hs,5384,289,4,18,50,2015-06-04 18:50:00
14339,zalaehs,8924,245,4,18,50,2015-06-04 18:50:00
14362,zalaehs,8924,252,4,19,0,2015-06-04 19:00:00
15877,amazhs,441740,3679,5,6,30,2015-06-05 06:30:00
15901,amazhs,441740,7146,5,6,40,2015-06-05 06:40:00
15926,amazhs,441740,10293,5,6,50,2015-06-05 06:50:00
15951,amazhs,441828,12267,5,7,0,2015-06-05 07:00:00
15975,amazhs,441828,14841,5,7,10,2015-06-05 07:10:00
16000,amazhs,441888,15810,5,7,20,2015-06-05 07:20:00
16025,amazhs,441888,15614,5,7,30,2015-06-05 07:30:00
16050,amazhs,441888,16624,5,7,40,2015-06-05 07:40:00
16075,amazhs,441888,19224,5,8,0,2015-06-05 08:00:00
16100,amazhs,441888,19958,5,8,10,2015-06-05 08:10:00
16125,amazhs,442216,20121,5,8,20,2015-06-05 08:20:00
16150,amazhs,442216,21033,5,8,30,2015-06-05 08:30:00
16175,amazhs,442216,21759,5,8,40,2015-06-05 08:40:00
16225,amazhs,442391,13182,5,9,0,2015-06-05 09:00:00
16250,amazhs,442391,15504,5,9,10,2015-06-05 09:10:00
16275,amazhs,442454,10994,5,9,20,2015-06-05 09:20:00
16302,zalaehs,8929,4030,5,9,30,2015-06-05 09:30:00
16327,zalaehs,8938,3174,5,9,30,2015-06-05 09:30:00
16352,zalaehs,8938,3072,5,9,40,2015-06-05 09:40:00
16377,zalaehs,8938,2798,5,9,40,2015-06-05 09:40:00
16403,zalaehs,8938,2582,5,9,50,2015-06-05 09:50:00
16428,zalaehs,8938,2308,5,10,0,2015-06-05 10:00:00
16453,zalaehs,8938,2116,5,10,10,2015-06-05 10:10:00
16478,zalaehs,8955,2186,5,10,20,2015-06-05 10:20:00
16503,zalaehs,8955,2087,5,10,30,2015-06-05 10:30:00
16528,zalaehs,8955,1832,5,10,50,2015-06-05 10:50:00
16555,zalaehs,8999,1390,5,11,10,2015-06-05 11:10:00
16580,zalaehs,8999,1376,5,11,20,2015-06-05 11:20:00
16605,zalaehs,8999,1308,5,11,30,2015-06-05 11:30:00
16631,zalaehs,9005,1189,5,11,40,2015-06-05 11:40:00
16655,zalaehs,9005,1194,5,11,50,2015-06-05 11:50:00
16680,zalaehs,9005,1157,5,12,10,2015-06-05 12:10:00
16705,zalaehs,9012,1152,5,12,20,2015-06-05 12:20:00
16731,zalaehs,9012,1028,5,12,30,2015-06-05 12:30:00
16756,zalaehs,9012,1019,5,12,40,2015-06-05 12:40:00
16782,zalaehs,9012,974,5,12,50,2015-06-05 12:50:00
16808,zalaehs,9012,829,5,13,10,2015-06-05 13:10:00
17248,purpledrank_hs,5394,114,5,16,0,2015-06-05 16:00:00
17268,purpledrank_hs,5393,149,5,16,20,2015-06-05 16:20:00
17294,purpledrank_hs,5393,134,5,16,30,2015-06-05 16:30:00
17317,purpledrank_hs,5393,129,5,16,40,2015-06-05 16:40:00
17340,purpledrank_hs,5393,141,5,16,50,2015-06-05 16:50:00
17362,purpledrank_hs,5393,193,5,17,0,2015-06-05 17:00:00
17387,purpledrank_hs,5393,232,5,17,10,2015-06-05 17:10:00
17413,purpledrank_hs,5400,230,5,17,20,2015-06-05 17:20:00
17441,purpledrank_hs,5400,172,5,17,30,2015-06-05 17:30:00
17465,purpledrank_hs,5400,164,5,17,40,2015-06-05 17:40:00
17490,purpledrank_hs,5400,191,5,17,50,2015-06-05 17:50:00
17514,purpledrank_hs,5400,228,5,18,0,2015-06-05 18:00:00
17540,purpledrank_hs,5400,201,5,18,10,2015-06-05 18:10:00
17563,purpledrank_hs,5401,193,5,18,20,2015-06-05 18:20:00
17593,purpledrank_hs,5401,161,5,18,30,2015-06-05 18:30:00
17616,purpledrank_hs,5401,178,5,18,40,2015-06-05 18:40:00
17640,purpledrank_hs,5401,180,5,18,50,2015-06-05 18:50:00
17665,purpledrank_hs,5401,180,5,19,0,2015-06-05 19:00:00
17691,purpledrank_hs,5401,171,5,19,10,2015-06-05 19:10:00
17712,purpledrank_hs,5406,184,5,19,20,2015-06-05 19:20:00
17739,purpledrank_hs,5406,175,5,19,30,2015-06-05 19:30:00
17763,purpledrank_hs,5406,188,5,19,40,2015-06-05 19:40:00
17788,purpledrank_hs,5406,178,5,19,50,2015-06-05 19:50:00
17810,purpledrank_hs,5406,208,5,20,0,2015-06-05 20:00:00
18182,deernadia,129128,376,5,23,10,2015-06-05 23:10:00
18205,deernadia,129129,677,5,23,20,2015-06-05 23:20:00
18230,deernadia,129129,649,5,23,30,2015-06-05 23:30:00
18256,deernadia,129135,655,5,23,40,2015-06-05 23:40:00
18280,deernadia,129135,1162,5,23,50,2015-06-05 23:50:00
18305,deernadia,129135,1254,6,0,0,2015-06-06 00:00:00
18327,deernadia,129135,2773,6,0,10,2015-06-06 00:10:00
18352,deernadia,129178,2736,6,0,20,2015-06-06 00:20:00
18377,deernadia,129178,2893,6,0,30,2015-06-06 00:30:00
18402,deernadia,129178,2841,6,0,40,2015-06-06 00:40:00
18427,deernadia,129178,3201,6,1,0,2015-06-06 01:00:00
18451,deernadia,129178,4892,6,1,10,2015-06-06 01:10:00
18476,deernadia,129326,5121,6,1,20,2015-06-06 01:20:00
18501,deernadia,129326,4470,6,1,30,2015-06-06 01:30:00
18526,deernadia,129326,4876,6,1,40,2015-06-06 01:40:00
18551,deernadia,129326,4526,6,1,50,2015-06-06 01:50:00
18576,deernadia,129326,3998,6,2,0,2015-06-06 02:00:00
18601,deernadia,129326,4389,6,2,10,2015-06-06 02:10:00
18626,deernadia,129486,5146,6,2,20,2015-06-06 02:20:00
18651,deernadia,129486,4519,6,2,30,2015-06-06 02:30:00
18676,deernadia,129486,4799,6,2,40,2015-06-06 02:40:00
18701,deernadia,129486,4920,6,2,50,2015-06-06 02:50:00
18726,deernadia,129486,4993,6,3,0,2015-06-06 03:00:00
18751,deernadia,129486,4522,6,3,10,2015-06-06 03:10:00
18776,deernadia,129605,4945,6,3,20,2015-06-06 03:20:00
18801,deernadia,129605,5454,6,3,30,2015-06-06 03:30:00
18826,deernadia,129605,5081,6,3,40,2015-06-06 03:40:00
19153,amazhs,442574,1300,6,6,0,2015-06-06 06:00:00
19177,amazhs,442574,4405,6,6,10,2015-06-06 06:10:00
19202,amazhs,442613,6449,6,6,20,2015-06-06 06:20:00
19227,amazhs,442613,8901,6,6,30,2015-06-06 06:30:00
19251,amazhs,442613,10424,6,6,40,2015-06-06 06:40:00
19276,amazhs,442613,13522,6,6,50,2015-06-06 06:50:00
19301,amazhs,442613,14497,6,7,0,2015-06-06 07:00:00
19326,amazhs,442613,15492,6,7,10,2015-06-06 07:10:00
19351,amazhs,442770,15221,6,7,20,2015-06-06 07:20:00
19376,amazhs,442770,15228,6,7,30,2015-06-06 07:30:00
19401,amazhs,442770,15878,6,7,40,2015-06-06 07:40:00
19426,amazhs,442770,16904,6,7,50,2015-06-06 07:50:00
19451,amazhs,442770,16681,6,8,0,2015-06-06 08:00:00
19476,amazhs,442770,17505,6,8,10,2015-06-06 08:10:00
19501,amazhs,442958,19266,6,8,20,2015-06-06 08:20:00
19525,amazhs,442958,21084,6,8,30,2015-06-06 08:30:00
19550,amazhs,442958,21296,6,8,40,2015-06-06 08:40:00
19575,amazhs,442958,21964,6,9,0,2015-06-06 09:00:00
19600,amazhs,442958,21049,6,9,10,2015-06-06 09:10:00
19626,amazhs,443226,15937,6,9,20,2015-06-06 09:20:00
19651,amazhs,443226,13059,6,9,30,2015-06-06 09:30:00
19675,amazhs,443226,12636,6,9,40,2015-06-06 09:40:00
19701,amazhs,443226,10959,6,9,50,2015-06-06 09:50:00
19726,amazhs,443226,10512,6,10,0,2015-06-06 10:00:00
19751,amazhs,443226,9373,6,10,10,2015-06-06 10:10:00
19776,amazhs,443330,8591,6,10,20,2015-06-06 10:20:00
19801,amazhs,443330,7565,6,10,40,2015-06-06 10:40:00
19826,amazhs,443330,7373,6,10,50,2015-06-06 10:50:00
19852,amazhs,443330,3871,6,11,0,2015-06-06 11:00:00
20272,purpledrank_hs,5412,127,6,14,0,2015-06-06 14:00:00
20294,purpledrank_hs,5412,149,6,14,10,2015-06-06 14:10:00
20318,purpledrank_hs,5410,156,6,14,20,2015-06-06 14:20:00
20341,purpledrank_hs,5410,185,6,14,30,2015-06-06 14:30:00
20364,purpledrank_hs,5410,219,6,14,40,2015-06-06 14:40:00
20388,purpledrank_hs,5410,222,6,14,50,2015-06-06 14:50:00
20415,purpledrank_hs,5410,201,6,15,0,2015-06-06 15:00:00
20441,purpledrank_hs,5410,203,6,15,10,2015-06-06 15:10:00
20464,purpledrank_hs,5418,242,6,15,20,2015-06-06 15:20:00
20490,purpledrank_hs,5418,203,6,15,30,2015-06-06 15:30:00
20515,purpledrank_hs,5418,214,6,15,40,2015-06-06 15:40:00
20542,purpledrank_hs,5418,190,6,15,50,2015-06-06 15:50:00
20567,purpledrank_hs,5418,197,6,16,0,2015-06-06 16:00:00
20593,purpledrank_hs,5418,197,6,16,10,2015-06-06 16:10:00
20615,purpledrank_hs,5430,212,6,16,20,2015-06-06 16:20:00
20640,purpledrank_hs,5430,210,6,16,30,2015-06-06 16:30:00
20664,purpledrank_hs,5430,190,6,16,40,2015-06-06 16:40:00
20688,purpledrank_hs,5430,196,6,16,50,2015-06-06 16:50:00
24197,purpledrank_hs,5431,36,7,18,40,2015-06-07 18:40:00
24220,purpledrank_hs,5431,45,7,18,50,2015-06-07 18:50:00
24244,purpledrank_hs,5431,60,7,19,0,2015-06-07 19:00:00
24258,purpledrank_hs,5431,373,7,19,10,2015-06-07 19:10:00
24282,purpledrank_hs,5439,574,7,19,30,2015-06-07 19:30:00
24306,purpledrank_hs,5439,591,7,19,40,2015-06-07 19:40:00
24330,purpledrank_hs,5439,645,7,19,50,2015-06-07 19:50:00
24355,purpledrank_hs,5439,599,7,20,0,2015-06-07 20:00:00
24380,purpledrank_hs,5439,586,7,20,10,2015-06-07 20:10:00
24405,purpledrank_hs,5468,580,7,20,20,2015-06-07 20:20:00
24429,purpledrank_hs,5468,585,7,20,30,2015-06-07 20:30:00
24454,purpledrank_hs,5468,682,7,20,40,2015-06-07 20:40:00
24479,purpledrank_hs,5468,664,7,20,50,2015-06-07 20:50:00
24504,purpledrank_hs,5468,669,7,21,0,2015-06-07 21:00:00
24806,deernadia,129816,431,7,23,30,2015-06-07 23:30:00
24830,deernadia,129814,720,7,23,40,2015-06-07 23:40:00
24854,deernadia,129814,1187,7,23,50,2015-06-07 23:50:00
24878,deernadia,129814,1592,8,0,0,2015-06-08 00:00:00
24903,deernadia,129814,1631,8,0,10,2015-06-08 00:10:00
24928,deernadia,129823,1885,8,0,20,2015-06-08 00:20:00
24953,deernadia,129823,1904,8,0,30,2015-06-08 00:30:00
24978,deernadia,129823,2150,8,0,40,2015-06-08 00:40:00
25003,deernadia,129823,2241,8,0,50,2015-06-08 00:50:00
25028,deernadia,129823,2164,8,1,10,2015-06-08 01:10:00
25053,deernadia,129880,2430,8,1,20,2015-06-08 01:20:00
25078,deernadia,129880,2437,8,1,30,2015-06-08 01:30:00
25103,deernadia,129880,2758,8,1,40,2015-06-08 01:40:00
25128,deernadia,129880,2355,8,1,50,2015-06-08 01:50:00
25153,deernadia,129912,2409,8,2,0,2015-06-08 02:00:00
25178,deernadia,129912,2284,8,2,10,2015-06-08 02:10:00
25752,amazhs,443667,3648,8,6,10,2015-06-08 06:10:00
25776,amazhs,443694,6282,8,6,20,2015-06-08 06:20:00
25801,amazhs,443694,9171,8,6,30,2015-06-08 06:30:00
25826,amazhs,443694,10727,8,6,40,2015-06-08 06:40:00
25851,amazhs,443694,12162,8,6,50,2015-06-08 06:50:00
25876,amazhs,443694,13701,8,7,0,2015-06-08 07:00:00
25900,amazhs,443694,15860,8,7,10,2015-06-08 07:10:00
25925,amazhs,443862,17324,8,7,20,2015-06-08 07:20:00
25950,amazhs,443862,19020,8,7,30,2015-06-08 07:30:00
25975,amazhs,443862,19971,8,7,40,2015-06-08 07:40:00
26000,amazhs,443862,21685,8,7,50,2015-06-08 07:50:00
26025,amazhs,443862,23526,8,8,10,2015-06-08 08:10:00
26050,amazhs,444103,23956,8,8,20,2015-06-08 08:20:00
26075,amazhs,444103,24558,8,8,30,2015-06-08 08:30:00
26100,amazhs,444103,25709,8,8,40,2015-06-08 08:40:00
26125,amazhs,444103,25897,8,8,50,2015-06-08 08:50:00
26150,amazhs,444103,27050,8,9,0,2015-06-08 09:00:00
26175,amazhs,444347,29808,8,9,20,2015-06-08 09:20:00
26200,amazhs,444347,26527,8,9,30,2015-06-08 09:30:00
26225,amazhs,444347,25093,8,9,50,2015-06-08 09:50:00
26250,amazhs,444347,24837,8,10,0,2015-06-08 10:00:00
26275,amazhs,444347,24377,8,10,10,2015-06-08 10:10:00
26300,amazhs,444611,24893,8,10,20,2015-06-08 10:20:00
26325,amazhs,444611,24772,8,10,30,2015-06-08 10:30:00
26350,amazhs,444611,25117,8,10,40,2015-06-08 10:40:00
26375,amazhs,444611,24980,8,10,50,2015-06-08 10:50:00
27629,deernadia,129986,954,8,20,30,2015-06-08 20:30:00
27653,deernadia,129986,986,8,20,40,2015-06-08 20:40:00
27678,deernadia,129986,1076,8,20,50,2015-06-08 20:50:00
27702,deernadia,129986,1581,8,21,0,2015-06-08 21:00:00
27728,deernadia,129986,1558,8,21,10,2015-06-08 21:10:00
27752,deernadia,130048,1733,8,21,20,2015-06-08 21:20:00
27776,deernadia,130048,1883,8,21,30,2015-06-08 21:30:00
27802,deernadia,130090,1541,8,21,40,2015-06-08 21:40:00
27826,deernadia,130090,1798,8,21,50,2015-06-08 21:50:00
27881,deernadia,130118,348,8,22,10,2015-06-08 22:10:00
27902,deernadia,130123,1462,8,22,20,2015-06-08 22:20:00
27927,deernadia,130142,1180,8,22,30,2015-06-08 22:30:00
27952,deernadia,130158,1356,8,22,40,2015-06-08 22:40:00
27977,deernadia,130158,1772,8,22,50,2015-06-08 22:50:00
28002,deernadia,130158,1813,8,23,0,2015-06-08 23:00:00
28026,deernadia,130158,1941,8,23,10,2015-06-08 23:10:00
28051,deernadia,130219,2090,8,23,20,2015-06-08 23:20:00
28075,deernadia,130219,3813,8,23,30,2015-06-08 23:30:00
28100,deernadia,130219,4914,8,23,40,2015-06-08 23:40:00
28125,deernadia,130219,4364,8,23,50,2015-06-08 23:50:00
28150,deernadia,130219,4564,9,0,0,2015-06-09 00:00:00
29002,amazhs,444949,2793,9,6,10,2015-06-09 06:10:00
29026,amazhs,444957,6548,9,6,20,2015-06-09 06:20:00
29051,amazhs,444957,9465,9,6,30,2015-06-09 06:30:00
29076,amazhs,444957,12103,9,6,40,2015-06-09 06:40:00
29101,amazhs,444957,13568,9,6,50,2015-06-09 06:50:00
29126,amazhs,444957,14481,9,7,0,2015-06-09 07:00:00
29150,amazhs,445178,18629,9,7,20,2015-06-09 07:20:00
29175,amazhs,445211,21482,9,7,30,2015-06-09 07:30:00
29200,amazhs,445211,21346,9,7,40,2015-06-09 07:40:00
29225,amazhs,445211,24231,9,7,50,2015-06-09 07:50:00
29250,amazhs,445211,25828,9,8,10,2015-06-09 08:10:00
29275,amazhs,445472,27743,9,8,20,2015-06-09 08:20:00
29300,amazhs,445472,28342,9,8,30,2015-06-09 08:30:00
29325,amazhs,445472,31259,9,8,40,2015-06-09 08:40:00
29350,amazhs,445665,34443,9,8,50,2015-06-09 08:50:00
29375,amazhs,445673,31902,9,9,0,2015-06-09 09:00:00
29400,amazhs,445673,33794,9,9,10,2015-06-09 09:10:00
29425,amazhs,445821,29190,9,9,20,2015-06-09 09:20:00
29450,amazhs,445821,29386,9,9,40,2015-06-09 09:40:00
29475,amazhs,445821,29744,9,9,50,2015-06-09 09:50:00
29500,amazhs,445821,28417,9,10,10,2015-06-09 10:10:00
29525,amazhs,446200,28800,9,10,20,2015-06-09 10:20:00
29552,zalaehs,9049,6440,9,10,30,2015-06-09 10:30:00
29577,zalaehs,9049,5132,9,10,40,2015-06-09 10:40:00
29604,zalaehs,9049,4238,9,10,50,2015-06-09 10:50:00
29629,zalaehs,9049,3612,9,11,0,2015-06-09 11:00:00
29656,zalaehs,9101,2866,9,11,20,2015-06-09 11:20:00
29681,zalaehs,9101,2542,9,11,30,2015-06-09 11:30:00
29706,zalaehs,9101,2307,9,11,40,2015-06-09 11:40:00
29731,zalaehs,9101,2119,9,11,50,2015-06-09 11:50:00
29755,zalaehs,9101,2004,9,12,0,2015-06-09 12:00:00
29779,zalaehs,9101,1917,9,12,10,2015-06-09 12:10:00
29806,zalaehs,9127,1831,9,12,20,2015-06-09 12:20:00
29831,zalaehs,9127,1749,9,12,30,2015-06-09 12:30:00
29857,zalaehs,9127,1431,9,12,50,2015-06-09 12:50:00
29882,zalaehs,9127,1389,9,13,0,2015-06-09 13:00:00
29908,zalaehs,9139,1245,9,13,20,2015-06-09 13:20:00
29934,zalaehs,9139,1212,9,13,30,2015-06-09 13:30:00
29958,zalaehs,9139,1153,9,13,40,2015-06-09 13:40:00
29984,zalaehs,9139,1098,9,13,50,2015-06-09 13:50:00
30007,zalaehs,9139,1054,9,14,0,2015-06-09 14:00:00
30034,zalaehs,9139,1023,9,14,10,2015-06-09 14:10:00
30060,zalaehs,9154,690,9,14,20,2015-06-09 14:20:00
30224,orange_hs,8831,160,9,15,20,2015-06-09 15:20:00
30245,orange_hs,8831,203,9,15,30,2015-06-09 15:30:00
30267,orange_hs,8831,229,9,15,40,2015-06-09 15:40:00
30291,orange_hs,8831,270,9,15,50,2015-06-09 15:50:00
30315,orange_hs,8831,306,9,16,0,2015-06-09 16:00:00
30341,orange_hs,8831,315,9,16,10,2015-06-09 16:10:00
30365,orange_hs,8846,314,9,16,20,2015-06-09 16:20:00
30390,orange_hs,8846,280,9,16,30,2015-06-09 16:30:00
30419,orange_hs,8846,228,9,16,40,2015-06-09 16:40:00
30442,orange_hs,8846,242,9,16,50,2015-06-09 16:50:00
30470,orange_hs,8853,163,9,17,10,2015-06-09 17:10:00
30499,orange_hs,8855,158,9,17,20,2015-06-09 17:20:00
30524,orange_hs,8855,149,9,17,30,2015-06-09 17:30:00
30548,orange_hs,8855,128,9,17,40,2015-06-09 17:40:00
31209,deernadia,130529,400,9,22,50,2015-06-09 22:50:00
31229,deernadia,130534,726,9,23,10,2015-06-09 23:10:00
31254,deernadia,130545,830,9,23,20,2015-06-09 23:20:00
31278,deernadia,130545,1012,9,23,30,2015-06-09 23:30:00
31303,deernadia,130545,1160,9,23,50,2015-06-09 23:50:00
31329,deernadia,130545,1197,10,0,0,2015-06-10 00:00:00
33324,zalaehs,9162,106,10,15,10,2015-06-10 15:10:00
33349,zalaehs,9164,133,10,15,20,2015-06-10 15:20:00
33372,zalaehs,9164,133,10,15,30,2015-06-10 15:30:00
33396,zalaehs,9164,144,10,15,40,2015-06-10 15:40:00
33414,zalaehs,9164,193,10,15,50,2015-06-10 15:50:00
33438,zalaehs,9164,267,10,16,0,2015-06-10 16:00:00
33465,zalaehs,9168,265,10,16,20,2015-06-10 16:20:00
33490,zalaehs,9168,224,10,16,30,2015-06-10 16:30:00
33515,zalaehs,9168,218,10,16,40,2015-06-10 16:40:00
33540,zalaehs,9168,220,10,16,50,2015-06-10 16:50:00
33566,zalaehs,9168,208,10,17,0,2015-06-10 17:00:00
33593,zalaehs,9168,201,10,17,10,2015-06-10 17:10:00
33620,zalaehs,9171,196,10,17,20,2015-06-10 17:20:00
33644,zalaehs,9171,177,10,17,30,2015-06-10 17:30:00
33669,zalaehs,9171,169,10,17,40,2015-06-10 17:40:00
34306,deernadia,130621,229,10,23,0,2015-06-10 23:00:00
34328,deernadia,130621,896,10,23,20,2015-06-10 23:20:00
34352,deernadia,130621,1069,10,23,30,2015-06-10 23:30:00
34377,deernadia,130621,1133,10,23,40,2015-06-10 23:40:00
34402,deernadia,130621,1197,10,23,50,2015-06-10 23:50:00
34428,deernadia,130621,1303,11,0,0,2015-06-11 00:00:00
35767,xixo,29365,304,11,9,10,2015-06-11 09:10:00
35793,xixo,29371,278,11,9,20,2015-06-11 09:20:00
35816,xixo,29371,304,11,9,30,2015-06-11 09:30:00
35837,xixo,29371,381,11,9,40,2015-06-11 09:40:00
35865,xixo,29370,337,11,9,50,2015-06-11 09:50:00
35888,xixo,29370,392,11,10,0,2015-06-11 10:00:00
35913,xixo,29370,398,11,10,10,2015-06-11 10:10:00
35939,xixo,29368,434,11,10,20,2015-06-11 10:20:00
35963,xixo,29368,457,11,10,30,2015-06-11 10:30:00
35989,xixo,29368,417,11,10,40,2015-06-11 10:40:00
36013,xixo,29373,459,11,10,50,2015-06-11 10:50:00
36035,xixo,29373,528,11,11,0,2015-06-11 11:00:00
36059,xixo,29373,659,11,11,10,2015-06-11 11:10:00
36085,xixo,29375,553,11,11,20,2015-06-11 11:20:00
36112,xixo,29379,446,11,11,50,2015-06-11 11:50:00
41882,deernadia,130754,932,13,7,30,2015-06-13 07:30:00
41907,deernadia,130754,1342,13,7,40,2015-06-13 07:40:00
41932,deernadia,130754,1417,13,8,0,2015-06-13 08:00:00
41957,deernadia,130792,1345,13,8,10,2015-06-13 08:10:00
41982,deernadia,130793,1178,13,8,20,2015-06-13 08:20:00
42006,deernadia,130793,1029,13,8,30,2015-06-13 08:30:00
42055,deernadia,130802,1152,13,8,50,2015-06-13 08:50:00
42080,deernadia,130802,1750,13,9,0,2015-06-13 09:00:00
44859,deernadia,130874,596,14,6,30,2015-06-14 06:30:00
44882,deernadia,130874,951,14,6,40,2015-06-14 06:40:00
44905,deernadia,130874,1356,14,7,0,2015-06-14 07:00:00
44930,deernadia,130874,1507,14,7,10,2015-06-14 07:10:00
44955,deernadia,130886,1292,14,7,20,2015-06-14 07:20:00
44980,deernadia,130889,1948,14,7,30,2015-06-14 07:30:00
45005,deernadia,130889,1716,14,7,40,2015-06-14 07:40:00
45030,deernadia,130889,2070,14,7,50,2015-06-14 07:50:00
45055,deernadia,130889,1914,14,8,0,2015-06-14 08:00:00
45081,deernadia,130889,1732,14,8,10,2015-06-14 08:10:00
45105,deernadia,130924,1653,14,8,20,2015-06-14 08:20:00
45129,deernadia,130924,2080,14,8,30,2015-06-14 08:30:00
45154,deernadia,130924,2340,14,8,40,2015-06-14 08:40:00
45179,deernadia,130924,1951,14,8,50,2015-06-14 08:50:00
45204,deernadia,130924,1963,14,9,0,2015-06-14 09:00:00
48010,deernadia,131093,530,15,6,20,2015-06-15 06:20:00
48032,deernadia,131093,751,15,6,30,2015-06-15 06:30:00
48057,deernadia,131093,971,15,6,50,2015-06-15 06:50:00
48081,deernadia,131093,1043,15,7,0,2015-06-15 07:00:00
48107,deernadia,131093,1278,15,7,10,2015-06-15 07:10:00
48133,deernadia,131125,1152,15,7,20,2015-06-15 07:20:00
48157,deernadia,131125,1430,15,7,30,2015-06-15 07:30:00
48182,deernadia,131125,1434,15,7,40,2015-06-15 07:40:00
48209,deernadia,131125,1342,15,7,50,2015-06-15 07:50:00
48233,deernadia,131125,1477,15,8,0,2015-06-15 08:00:00
57778,amazhs,447044,2412,18,6,0,2015-06-18 06:00:00
57801,amazhs,447044,5592,18,6,10,2015-06-18 06:10:00
57826,amazhs,447081,8567,18,6,20,2015-06-18 06:20:00
57851,amazhs,447081,11586,18,6,30,2015-06-18 06:30:00
57876,amazhs,447081,12028,18,6,40,2015-06-18 06:40:00
57901,amazhs,447081,12550,18,6,50,2015-06-18 06:50:00
57925,amazhs,447081,14990,18,7,10,2015-06-18 07:10:00
57950,amazhs,447291,16965,18,7,20,2015-06-18 07:20:00
57975,amazhs,447291,19523,18,7,30,2015-06-18 07:30:00
58000,amazhs,447291,19621,18,7,40,2015-06-18 07:40:00
58025,amazhs,447451,20504,18,7,50,2015-06-18 07:50:00
58050,amazhs,447451,21831,18,8,0,2015-06-18 08:00:00
58075,amazhs,447451,22491,18,8,10,2015-06-18 08:10:00
58100,amazhs,447582,23599,18,8,20,2015-06-18 08:20:00
58125,amazhs,447582,24042,18,8,30,2015-06-18 08:30:00
58150,amazhs,447582,24201,18,8,40,2015-06-18 08:40:00
58175,amazhs,447582,24636,18,8,50,2015-06-18 08:50:00
58200,amazhs,447582,25334,18,9,0,2015-06-18 09:00:00
58225,amazhs,447582,25846,18,9,10,2015-06-18 09:10:00
58250,amazhs,447950,25517,18,9,20,2015-06-18 09:20:00
58275,amazhs,447950,25715,18,9,30,2015-06-18 09:30:00
58300,amazhs,447950,27141,18,9,40,2015-06-18 09:40:00
58325,amazhs,447950,26775,18,9,50,2015-06-18 09:50:00
58351,amazhs,447950,10200,18,10,0,2015-06-18 10:00:00
58370,zalaehs,9174,280,18,10,0,2015-06-18 10:00:00
58376,zalaehs,9174,5330,18,10,10,2015-06-18 10:10:00
58402,zalaehs,9195,4303,18,10,20,2015-06-18 10:20:00
58429,zalaehs,9195,3021,18,10,40,2015-06-18 10:40:00
58454,zalaehs,9195,2676,18,10,50,2015-06-18 10:50:00
58479,zalaehs,9195,2420,18,11,0,2015-06-18 11:00:00
58505,zalaehs,9223,1970,18,11,10,2015-06-18 11:10:00
58530,zalaehs,9228,1838,18,11,20,2015-06-18 11:20:00
58557,zalaehs,9228,1560,18,11,40,2015-06-18 11:40:00
58583,zalaehs,9228,1490,18,11,50,2015-06-18 11:50:00
58608,zalaehs,9228,1407,18,12,0,2015-06-18 12:00:00
58634,zalaehs,9228,1325,18,12,10,2015-06-18 12:10:00
58660,zalaehs,9245,1247,18,12,20,2015-06-18 12:20:00
58685,zalaehs,9245,1169,18,12,30,2015-06-18 12:30:00
58710,zalaehs,9245,1145,18,12,40,2015-06-18 12:40:00
58735,zalaehs,9245,1084,18,12,50,2015-06-18 12:50:00
58761,zalaehs,9245,1050,18,13,0,2015-06-18 13:00:00
58786,zalaehs,9245,985,18,13,10,2015-06-18 13:10:00
58810,zalaehs,9261,927,18,13,20,2015-06-18 13:20:00
58835,zalaehs,9261,922,18,13,30,2015-06-18 13:30:00
58860,zalaehs,9261,884,18,13,40,2015-06-18 13:40:00
58883,zalaehs,9261,845,18,13,50,2015-06-18 13:50:00
59270,xixo,29409,169,18,16,30,2015-06-18 16:30:00
59289,xixo,29409,302,18,16,40,2015-06-18 16:40:00
59311,xixo,29409,367,18,16,50,2015-06-18 16:50:00
59333,xixo,29409,399,18,17,0,2015-06-18 17:00:00
59358,xixo,29409,409,18,17,10,2015-06-18 17:10:00
59383,xixo,29404,467,18,17,20,2015-06-18 17:20:00
59408,xixo,29404,508,18,17,30,2015-06-18 17:30:00
59434,xixo,29404,515,18,17,40,2015-06-18 17:40:00
59459,xixo,29404,479,18,17,50,2015-06-18 17:50:00
60149,purpledrank_hs,5542,42,18,22,50,2015-06-18 22:50:00
60170,purpledrank_hs,5542,69,18,23,0,2015-06-18 23:00:00
60196,purpledrank_hs,5542,76,18,23,10,2015-06-18 23:10:00
60218,purpledrank_hs,5545,98,18,23,20,2015-06-18 23:20:00
60239,purpledrank_hs,5545,136,18,23,30,2015-06-18 23:30:00
60264,purpledrank_hs,5545,147,18,23,40,2015-06-18 23:40:00
60288,purpledrank_hs,5545,178,18,23,50,2015-06-18 23:50:00
60313,purpledrank_hs,5545,182,19,0,10,2015-06-19 00:10:00
60340,purpledrank_hs,5553,199,19,0,20,2015-06-19 00:20:00
60363,purpledrank_hs,5553,217,19,0,30,2015-06-19 00:30:00
60389,purpledrank_hs,5553,236,19,0,40,2015-06-19 00:40:00
60413,purpledrank_hs,5553,220,19,0,50,2015-06-19 00:50:00
60437,purpledrank_hs,5553,190,19,1,0,2015-06-19 01:00:00
60463,purpledrank_hs,5553,234,19,1,10,2015-06-19 01:10:00
60488,purpledrank_hs,5564,255,19,1,20,2015-06-19 01:20:00
60511,purpledrank_hs,5564,275,19,1,30,2015-06-19 01:30:00
60536,purpledrank_hs,5564,303,19,1,40,2015-06-19 01:40:00
60551,purpledrank_hs,5564,2295,19,1,50,2015-06-19 01:50:00
60575,purpledrank_hs,5564,2430,19,2,0,2015-06-19 02:00:00
60601,purpledrank_hs,5564,2448,19,2,10,2015-06-19 02:10:00
60627,purpledrank_hs,5635,1680,19,2,20,2015-06-19 02:20:00
60652,purpledrank_hs,5635,1580,19,2,30,2015-06-19 02:30:00
60677,purpledrank_hs,5635,1381,19,2,40,2015-06-19 02:40:00
60703,purpledrank_hs,5635,1309,19,2,50,2015-06-19 02:50:00
61202,amazhs,448334,5349,19,6,20,2015-06-19 06:20:00
61226,amazhs,448334,8573,19,6,30,2015-06-19 06:30:00
61251,amazhs,448334,9972,19,6,40,2015-06-19 06:40:00
61276,amazhs,448334,12053,19,6,50,2015-06-19 06:50:00
61301,amazhs,448334,13277,19,7,0,2015-06-19 07:00:00
61325,amazhs,448334,14737,19,7,10,2015-06-19 07:10:00
61350,amazhs,448507,15625,19,7,20,2015-06-19 07:20:00
61375,amazhs,448507,17770,19,7,30,2015-06-19 07:30:00
61400,amazhs,448507,19919,19,7,50,2015-06-19 07:50:00
61425,amazhs,448507,18523,19,8,0,2015-06-19 08:00:00
61450,amazhs,448507,20759,19,8,10,2015-06-19 08:10:00
61475,amazhs,448780,21866,19,8,20,2015-06-19 08:20:00
61500,amazhs,448780,22250,19,8,30,2015-06-19 08:30:00
61525,amazhs,448780,23884,19,8,40,2015-06-19 08:40:00
61550,amazhs,448780,24889,19,8,50,2015-06-19 08:50:00
61575,amazhs,448780,24863,19,9,0,2015-06-19 09:00:00
61600,amazhs,448780,23998,19,9,10,2015-06-19 09:10:00
61625,amazhs,449069,23184,19,9,20,2015-06-19 09:20:00
61650,amazhs,449069,25150,19,9,30,2015-06-19 09:30:00
61675,amazhs,449069,23714,19,9,40,2015-06-19 09:40:00
61700,amazhs,449069,24343,19,9,50,2015-06-19 09:50:00
61725,amazhs,449069,25160,19,10,0,2015-06-19 10:00:00
61752,zalaehs,9294,6011,19,10,20,2015-06-19 10:20:00
61777,zalaehs,9294,4621,19,10,30,2015-06-19 10:30:00
61803,zalaehs,9294,3884,19,10,40,2015-06-19 10:40:00
61828,zalaehs,9294,3526,19,10,50,2015-06-19 10:50:00
61853,zalaehs,9294,3282,19,11,0,2015-06-19 11:00:00
61878,zalaehs,9294,3099,19,11,10,2015-06-19 11:10:00
61903,zalaehs,9383,2935,19,11,20,2015-06-19 11:20:00
61928,zalaehs,9383,2858,19,11,30,2015-06-19 11:30:00
61954,zalaehs,9383,2430,19,11,40,2015-06-19 11:40:00
61979,zalaehs,9383,2316,19,11,50,2015-06-19 11:50:00
62004,zalaehs,9383,2081,19,12,0,2015-06-19 12:00:00
62032,zalaehs,9409,1897,19,12,20,2015-06-19 12:20:00
62056,zalaehs,9409,1758,19,12,30,2015-06-19 12:30:00
62081,zalaehs,9409,1659,19,12,40,2015-06-19 12:40:00
62107,zalaehs,9409,1588,19,12,50,2015-06-19 12:50:00
62132,zalaehs,9409,1469,19,13,0,2015-06-19 13:00:00
62158,zalaehs,9409,1432,19,13,10,2015-06-19 13:10:00
62184,zalaehs,9433,1326,19,13,20,2015-06-19 13:20:00
62209,zalaehs,9433,1304,19,13,30,2015-06-19 13:30:00
62234,zalaehs,9433,1286,19,13,40,2015-06-19 13:40:00
62259,zalaehs,9433,1225,19,13,50,2015-06-19 13:50:00
62286,zalaehs,9433,1080,19,14,0,2015-06-19 14:00:00
64671,purpledrank_hs,5663,128,20,8,20,2015-06-20 08:20:00
64693,purpledrank_hs,5663,167,20,8,30,2015-06-20 08:30:00
64719,purpledrank_hs,5663,174,20,8,40,2015-06-20 08:40:00
64744,purpledrank_hs,5663,205,20,8,50,2015-06-20 08:50:00
64772,purpledrank_hs,5663,188,20,9,10,2015-06-20 09:10:00
64799,purpledrank_hs,5670,160,20,9,20,2015-06-20 09:20:00
64821,purpledrank_hs,5670,210,20,9,40,2015-06-20 09:40:00
64846,purpledrank_hs,5670,226,20,9,50,2015-06-20 09:50:00
64871,purpledrank_hs,5670,230,20,10,0,2015-06-20 10:00:00
64895,orange_hs,8900,226,20,10,20,2015-06-20 10:20:00
64896,purpledrank_hs,5677,200,20,10,20,2015-06-20 10:20:00
64914,purpledrank_hs,5677,576,20,10,30,2015-06-20 10:30:00
64919,orange_hs,8900,272,20,10,30,2015-06-20 10:30:00
64940,purpledrank_hs,5677,563,20,10,40,2015-06-20 10:40:00
64946,orange_hs,8900,297,20,10,40,2015-06-20 10:40:00
64966,purpledrank_hs,5677,514,20,10,50,2015-06-20 10:50:00
64971,orange_hs,8900,252,20,10,50,2015-06-20 10:50:00
64991,purpledrank_hs,5677,471,20,11,10,2015-06-20 11:10:00
64998,orange_hs,8900,251,20,11,10,2015-06-20 11:10:00
65018,purpledrank_hs,5699,410,20,11,20,2015-06-20 11:20:00
65020,orange_hs,8907,255,20,11,20,2015-06-20 11:20:00
65043,purpledrank_hs,5699,434,20,11,30,2015-06-20 11:30:00
65045,orange_hs,8907,265,20,11,30,2015-06-20 11:30:00
65066,purpledrank_hs,5699,418,20,11,40,2015-06-20 11:40:00
65070,orange_hs,8907,234,20,11,40,2015-06-20 11:40:00
65093,purpledrank_hs,5699,452,20,11,50,2015-06-20 11:50:00
65096,orange_hs,8907,276,20,11,50,2015-06-20 11:50:00
65118,purpledrank_hs,5699,429,20,12,0,2015-06-20 12:00:00
65121,orange_hs,8907,243,20,12,0,2015-06-20 12:00:00
65145,orange_hs,8907,361,20,12,10,2015-06-20 12:10:00
65169,orange_hs,8924,407,20,12,20,2015-06-20 12:20:00
65193,orange_hs,8924,388,20,12,30,2015-06-20 12:30:00
65217,orange_hs,8924,400,20,12,40,2015-06-20 12:40:00
65241,orange_hs,8933,392,20,12,50,2015-06-20 12:50:00
65263,orange_hs,8945,506,20,13,20,2015-06-20 13:20:00
65286,orange_hs,8945,560,20,13,30,2015-06-20 13:30:00
65312,orange_hs,8945,496,20,13,40,2015-06-20 13:40:00
65335,orange_hs,8945,546,20,13,50,2015-06-20 13:50:00
65360,orange_hs,8945,598,20,14,0,2015-06-20 14:00:00
65385,orange_hs,8945,655,20,14,10,2015-06-20 14:10:00
65409,orange_hs,8978,712,20,14,20,2015-06-20 14:20:00
65433,orange_hs,8978,731,20,14,30,2015-06-20 14:30:00
65459,orange_hs,8978,800,20,15,0,2015-06-20 15:00:00
65482,orange_hs,8978,786,20,15,10,2015-06-20 15:10:00
65508,orange_hs,9010,822,20,15,20,2015-06-20 15:20:00
67771,xixo,29416,163,21,8,20,2015-06-21 08:20:00
67793,xixo,29416,262,21,8,30,2015-06-21 08:30:00
67812,xixo,29416,356,21,8,40,2015-06-21 08:40:00
67837,xixo,29416,391,21,8,50,2015-06-21 08:50:00
67860,xixo,29416,547,21,9,0,2015-06-21 09:00:00
67884,xixo,29416,635,21,9,10,2015-06-21 09:10:00
67910,xixo,29435,658,21,9,20,2015-06-21 09:20:00
67934,xixo,29435,801,21,9,30,2015-06-21 09:30:00
67959,xixo,29435,829,21,9,40,2015-06-21 09:40:00
68247,purpledrank_hs,5729,145,21,11,50,2015-06-21 11:50:00
68274,purpledrank_hs,5729,152,21,12,0,2015-06-21 12:00:00
68293,purpledrank_hs,5729,212,21,12,10,2015-06-21 12:10:00
68316,purpledrank_hs,5744,252,21,12,30,2015-06-21 12:30:00
68323,xixo,29452,214,21,12,30,2015-06-21 12:30:00
68341,xixo,29452,282,21,12,40,2015-06-21 12:40:00
68344,purpledrank_hs,5744,265,21,12,40,2015-06-21 12:40:00
68361,xixo,29452,513,21,12,50,2015-06-21 12:50:00
68365,purpledrank_hs,5744,314,21,12,50,2015-06-21 12:50:00
68386,purpledrank_hs,5744,543,21,13,0,2015-06-21 13:00:00
68411,purpledrank_hs,5744,467,21,13,10,2015-06-21 13:10:00
68435,purpledrank_hs,5771,447,21,13,20,2015-06-21 13:20:00
68460,purpledrank_hs,5771,490,21,13,30,2015-06-21 13:30:00
68486,purpledrank_hs,5771,417,21,13,50,2015-06-21 13:50:00
68509,purpledrank_hs,5771,486,21,14,0,2015-06-21 14:00:00
68534,purpledrank_hs,5771,516,21,14,10,2015-06-21 14:10:00
68556,purpledrank_hs,5801,568,21,14,20,2015-06-21 14:20:00
68583,purpledrank_hs,5801,625,21,14,30,2015-06-21 14:30:00
68607,purpledrank_hs,5801,668,21,14,40,2015-06-21 14:40:00
68630,purpledrank_hs,5801,719,21,14,50,2015-06-21 14:50:00
68655,purpledrank_hs,5801,834,21,15,10,2015-06-21 15:10:00
68681,purpledrank_hs,5862,798,21,15,20,2015-06-21 15:20:00
68706,purpledrank_hs,5873,946,21,15,30,2015-06-21 15:30:00
68731,purpledrank_hs,5873,995,21,15,40,2015-06-21 15:40:00
68756,purpledrank_hs,5873,1063,21,15,50,2015-06-21 15:50:00
68780,purpledrank_hs,5873,898,21,16,0,2015-06-21 16:00:00
68805,purpledrank_hs,5873,1067,21,16,10,2015-06-21 16:10:00
68830,purpledrank_hs,5941,1066,21,16,30,2015-06-21 16:30:00
68855,purpledrank_hs,5941,1128,21,16,40,2015-06-21 16:40:00
68878,purpledrank_hs,5941,1243,21,16,50,2015-06-21 16:50:00
68902,purpledrank_hs,5941,1352,21,17,0,2015-06-21 17:00:00
68927,purpledrank_hs,5941,1205,21,17,10,2015-06-21 17:10:00
68952,purpledrank_hs,6011,1388,21,17,20,2015-06-21 17:20:00
68977,purpledrank_hs,6011,1545,21,17,30,2015-06-21 17:30:00
69002,purpledrank_hs,6011,1540,21,17,40,2015-06-21 17:40:00
70663,amazhs,449669,970,22,6,0,2015-06-22 06:00:00
70676,amazhs,449669,4183,22,6,10,2015-06-22 06:10:00
70701,amazhs,449719,8033,22,6,20,2015-06-22 06:20:00
70726,amazhs,449719,11157,22,6,30,2015-06-22 06:30:00
70751,amazhs,449719,12949,22,6,40,2015-06-22 06:40:00
70776,amazhs,449719,15293,22,6,50,2015-06-22 06:50:00
70800,amazhs,449719,16452,22,7,0,2015-06-22 07:00:00
70825,amazhs,449719,16784,22,7,10,2015-06-22 07:10:00
70850,amazhs,449989,19089,22,7,20,2015-06-22 07:20:00
70875,amazhs,449989,20766,22,7,30,2015-06-22 07:30:00
70900,amazhs,450173,23418,22,7,40,2015-06-22 07:40:00
70925,amazhs,450173,22488,22,7,50,2015-06-22 07:50:00
70950,amazhs,450173,23940,22,8,0,2015-06-22 08:00:00
70975,amazhs,450372,26693,22,8,20,2015-06-22 08:20:00
71000,amazhs,450372,25636,22,8,30,2015-06-22 08:30:00
71025,amazhs,450372,25599,22,8,40,2015-06-22 08:40:00
71050,amazhs,450372,26906,22,8,50,2015-06-22 08:50:00
71075,amazhs,450372,26159,22,9,0,2015-06-22 09:00:00
71100,amazhs,450713,27133,22,9,30,2015-06-22 09:30:00
71116,hero_firebat,62055,457,22,9,30,2015-06-22 09:30:00
71125,amazhs,450713,25141,22,9,40,2015-06-22 09:40:00
71138,hero_firebat,62055,656,22,9,40,2015-06-22 09:40:00
71150,amazhs,450713,25322,22,9,50,2015-06-22 09:50:00
71163,hero_firebat,62055,797,22,9,50,2015-06-22 09:50:00
71175,amazhs,450713,25305,22,10,0,2015-06-22 10:00:00
71188,hero_firebat,62055,749,22,10,0,2015-06-22 10:00:00
71200,amazhs,450960,23908,22,10,20,2015-06-22 10:20:00
71213,hero_firebat,62066,828,22,10,20,2015-06-22 10:20:00
71225,amazhs,450960,23413,22,10,30,2015-06-22 10:30:00
71240,hero_firebat,62066,785,22,10,30,2015-06-22 10:30:00
71250,amazhs,450960,22769,22,10,40,2015-06-22 10:40:00
71265,hero_firebat,62066,792,22,10,40,2015-06-22 10:40:00
71277,purpledrank_hs,6069,7290,22,10,50,2015-06-22 10:50:00
71302,purpledrank_hs,6069,5815,22,11,0,2015-06-22 11:00:00
71327,purpledrank_hs,6069,5019,22,11,10,2015-06-22 11:10:00
71352,purpledrank_hs,6196,4662,22,11,20,2015-06-22 11:20:00
71378,purpledrank_hs,6196,3961,22,11,30,2015-06-22 11:30:00
71404,purpledrank_hs,6196,3682,22,11,40,2015-06-22 11:40:00
71430,purpledrank_hs,6245,2726,22,12,0,2015-06-22 12:00:00
71456,purpledrank_hs,6245,2541,22,12,10,2015-06-22 12:10:00
71481,purpledrank_hs,6261,2238,22,12,30,2015-06-22 12:30:00
71506,purpledrank_hs,6261,2099,22,12,40,2015-06-22 12:40:00
71531,purpledrank_hs,6261,1958,22,12,50,2015-06-22 12:50:00
71559,purpledrank_hs,6298,1498,22,13,10,2015-06-22 13:10:00
71581,purpledrank_hs,6306,1658,22,13,20,2015-06-22 13:20:00
71606,purpledrank_hs,6306,1776,22,13,30,2015-06-22 13:30:00
71631,purpledrank_hs,6306,1683,22,13,40,2015-06-22 13:40:00
71656,purpledrank_hs,6306,1599,22,13,50,2015-06-22 13:50:00
71690,zalaehs,9476,467,22,14,0,2015-06-22 14:00:00
71717,zalaehs,9476,431,22,14,10,2015-06-22 14:10:00
71743,zalaehs,9488,344,22,14,30,2015-06-22 14:30:00
71768,zalaehs,9488,353,22,14,40,2015-06-22 14:40:00
71792,zalaehs,9488,366,22,14,50,2015-06-22 14:50:00
71816,zalaehs,9488,358,22,15,0,2015-06-22 15:00:00
71841,zalaehs,9488,344,22,15,10,2015-06-22 15:10:00
71867,zalaehs,9491,338,22,15,20,2015-06-22 15:20:00
71893,zalaehs,9491,274,22,15,30,2015-06-22 15:30:00
71920,zalaehs,9491,247,22,15,40,2015-06-22 15:40:00
71942,zalaehs,9491,241,22,16,0,2015-06-22 16:00:00
71967,zalaehs,9491,251,22,16,10,2015-06-22 16:10:00
71989,zalaehs,9493,234,22,16,20,2015-06-22 16:20:00
72015,zalaehs,9493,223,22,16,30,2015-06-22 16:30:00
72042,orange_hs,9041,175,22,16,40,2015-06-22 16:40:00
72065,orange_hs,9050,148,22,16,50,2015-06-22 16:50:00
72088,orange_hs,9057,139,22,17,0,2015-06-22 17:00:00
72113,orange_hs,9061,208,22,17,20,2015-06-22 17:20:00
72139,orange_hs,9061,169,22,17,30,2015-06-22 17:30:00
72162,orange_hs,9061,179,22,17,40,2015-06-22 17:40:00
72185,orange_hs,9061,205,22,17,50,2015-06-22 17:50:00
72209,orange_hs,9061,269,22,18,0,2015-06-22 18:00:00
72233,orange_hs,9061,389,22,18,10,2015-06-22 18:10:00
72258,orange_hs,9090,498,22,18,20,2015-06-22 18:20:00
72284,orange_hs,9090,436,22,18,30,2015-06-22 18:30:00
72309,orange_hs,9090,408,22,18,40,2015-06-22 18:40:00
72312,xixo,29481,157,22,18,40,2015-06-22 18:40:00
72336,orange_hs,9090,348,22,18,50,2015-06-22 18:50:00
72338,xixo,29481,199,22,18,50,2015-06-22 18:50:00
72360,orange_hs,9090,342,22,19,0,2015-06-22 19:00:00
72364,xixo,29483,189,22,19,0,2015-06-22 19:00:00
72385,orange_hs,9090,285,22,19,10,2015-06-22 19:10:00
72388,xixo,29483,223,22,19,10,2015-06-22 19:10:00
72409,xixo,29486,459,22,19,30,2015-06-22 19:30:00
72435,xixo,29486,409,22,19,40,2015-06-22 19:40:00
72867,deernadia,131444,116,22,22,50,2015-06-22 22:50:00
72880,deernadia,131444,470,22,23,0,2015-06-22 23:00:00
72904,deernadia,131450,1105,22,23,20,2015-06-22 23:20:00
72927,deernadia,131450,1425,22,23,40,2015-06-22 23:40:00
72952,deernadia,131450,1658,22,23,50,2015-06-22 23:50:00
72977,deernadia,131450,1295,23,0,0,2015-06-23 00:00:00
73763,amazhs,451184,808,23,6,0,2015-06-23 06:00:00
73777,amazhs,451184,3428,23,6,10,2015-06-23 06:10:00
73802,amazhs,451201,6324,23,6,20,2015-06-23 06:20:00
73826,amazhs,451201,10215,23,6,40,2015-06-23 06:40:00
73851,amazhs,451201,11855,23,6,50,2015-06-23 06:50:00
73875,amazhs,451201,14390,23,7,0,2015-06-23 07:00:00
73900,amazhs,451369,16857,23,7,20,2015-06-23 07:20:00
73925,amazhs,451369,18427,23,7,30,2015-06-23 07:30:00
73950,amazhs,451369,21401,23,7,40,2015-06-23 07:40:00
73975,amazhs,451369,20715,23,8,0,2015-06-23 08:00:00
74000,amazhs,451600,22287,23,8,10,2015-06-23 08:10:00
74025,amazhs,451646,22484,23,8,20,2015-06-23 08:20:00
74050,amazhs,451646,18677,23,8,30,2015-06-23 08:30:00
74075,amazhs,451646,22549,23,8,50,2015-06-23 08:50:00
74100,amazhs,451646,22962,23,9,0,2015-06-23 09:00:00
74125,amazhs,451646,22377,23,9,10,2015-06-23 09:10:00
74150,amazhs,451850,23291,23,9,20,2015-06-23 09:20:00
74175,amazhs,451850,22231,23,9,30,2015-06-23 09:30:00
74200,amazhs,451850,23071,23,9,40,2015-06-23 09:40:00
74225,amazhs,451850,23122,23,9,50,2015-06-23 09:50:00
74250,amazhs,451850,23514,23,10,0,2015-06-23 10:00:00
74275,amazhs,451850,23066,23,10,10,2015-06-23 10:10:00
74300,amazhs,452119,21784,23,10,20,2015-06-23 10:20:00
74325,amazhs,452119,23458,23,10,30,2015-06-23 10:30:00
74373,zalaehs,9499,231,23,10,40,2015-06-23 10:40:00
74374,purpledrank_hs,6357,224,23,10,40,2015-06-23 10:40:00
74393,purpledrank_hs,6357,278,23,11,0,2015-06-23 11:00:00
74399,zalaehs,9499,204,23,11,0,2015-06-23 11:00:00
74419,purpledrank_hs,6357,286,23,11,10,2015-06-23 11:10:00
74423,zalaehs,9499,204,23,11,10,2015-06-23 11:10:00
74443,purpledrank_hs,6371,302,23,11,20,2015-06-23 11:20:00
74449,zalaehs,9502,195,23,11,20,2015-06-23 11:20:00
74469,purpledrank_hs,6371,269,23,11,30,2015-06-23 11:30:00
74474,zalaehs,9502,194,23,11,30,2015-06-23 11:30:00
74494,purpledrank_hs,6371,287,23,11,40,2015-06-23 11:40:00
74498,zalaehs,9502,188,23,11,40,2015-06-23 11:40:00
74517,purpledrank_hs,6371,260,23,11,50,2015-06-23 11:50:00
74520,zalaehs,9502,196,23,11,50,2015-06-23 11:50:00
74540,purpledrank_hs,6371,406,23,12,0,2015-06-23 12:00:00
74564,purpledrank_hs,6371,405,23,12,10,2015-06-23 12:10:00
74586,purpledrank_hs,6387,403,23,12,20,2015-06-23 12:20:00
74611,purpledrank_hs,6387,432,23,12,30,2015-06-23 12:30:00
74637,purpledrank_hs,6387,442,23,12,40,2015-06-23 12:40:00
74664,purpledrank_hs,6387,406,23,12,50,2015-06-23 12:50:00
74690,purpledrank_hs,6387,310,23,13,0,2015-06-23 13:00:00
74715,purpledrank_hs,6387,330,23,13,10,2015-06-23 13:10:00
74736,purpledrank_hs,6407,407,23,13,20,2015-06-23 13:20:00
74761,purpledrank_hs,6407,458,23,13,30,2015-06-23 13:30:00
74787,purpledrank_hs,6407,430,23,13,40,2015-06-23 13:40:00
74812,purpledrank_hs,6407,359,23,13,50,2015-06-23 13:50:00
74837,purpledrank_hs,6407,419,23,14,0,2015-06-23 14:00:00
74862,purpledrank_hs,6407,437,23,14,10,2015-06-23 14:10:00
74886,purpledrank_hs,6429,467,23,14,20,2015-06-23 14:20:00
74912,purpledrank_hs,6429,490,23,14,40,2015-06-23 14:40:00
74937,purpledrank_hs,6429,434,23,14,50,2015-06-23 14:50:00
74961,purpledrank_hs,6443,517,23,15,0,2015-06-23 15:00:00
74986,purpledrank_hs,6446,516,23,15,10,2015-06-23 15:10:00
75499,orange_hs,9110,60,23,19,10,2015-06-23 19:10:00
75568,orange_hs,9109,71,23,19,40,2015-06-23 19:40:00
75595,orange_hs,9109,73,23,19,50,2015-06-23 19:50:00
75619,orange_hs,9109,71,23,20,0,2015-06-23 20:00:00
75643,orange_hs,9112,73,23,20,10,2015-06-23 20:10:00
75667,orange_hs,9113,84,23,20,20,2015-06-23 20:20:00
75691,orange_hs,9113,81,23,20,30,2015-06-23 20:30:00
75715,orange_hs,9113,77,23,20,40,2015-06-23 20:40:00
77101,amazhs,452347,7293,24,6,20,2015-06-24 06:20:00
77126,amazhs,452347,8889,24,6,30,2015-06-24 06:30:00
77151,amazhs,452347,11999,24,6,40,2015-06-24 06:40:00
77176,amazhs,452347,12414,24,6,50,2015-06-24 06:50:00
77201,amazhs,452347,14192,24,7,0,2015-06-24 07:00:00
77225,amazhs,452471,15751,24,7,10,2015-06-24 07:10:00
77250,amazhs,452511,16462,24,7,20,2015-06-24 07:20:00
77275,amazhs,452511,17276,24,7,30,2015-06-24 07:30:00
77300,amazhs,452511,18994,24,7,50,2015-06-24 07:50:00
77325,amazhs,452511,20425,24,8,0,2015-06-24 08:00:00
77350,amazhs,452636,20169,24,8,10,2015-06-24 08:10:00
77375,amazhs,452692,21286,24,8,20,2015-06-24 08:20:00
77400,amazhs,452692,20584,24,8,30,2015-06-24 08:30:00
77425,amazhs,452781,21176,24,8,40,2015-06-24 08:40:00
77450,amazhs,452781,20763,24,8,50,2015-06-24 08:50:00
77475,amazhs,452781,21302,24,9,0,2015-06-24 09:00:00
77500,amazhs,452849,21071,24,9,10,2015-06-24 09:10:00
77525,amazhs,452921,22360,24,9,20,2015-06-24 09:20:00
77550,amazhs,452921,21974,24,9,30,2015-06-24 09:30:00
77822,purpledrank_hs,6473,165,24,11,10,2015-06-24 11:10:00
77846,purpledrank_hs,6473,185,24,11,30,2015-06-24 11:30:00
77868,purpledrank_hs,6473,258,24,11,40,2015-06-24 11:40:00
77893,purpledrank_hs,6477,265,24,11,50,2015-06-24 11:50:00
77916,purpledrank_hs,6477,233,24,12,0,2015-06-24 12:00:00
77944,purpledrank_hs,6482,223,24,12,30,2015-06-24 12:30:00
77968,purpledrank_hs,6484,218,24,12,40,2015-06-24 12:40:00
77997,purpledrank_hs,6484,192,24,12,50,2015-06-24 12:50:00
78020,purpledrank_hs,6484,206,24,13,0,2015-06-24 13:00:00
78045,purpledrank_hs,6484,185,24,13,10,2015-06-24 13:10:00
78071,purpledrank_hs,6485,196,24,13,20,2015-06-24 13:20:00
78095,purpledrank_hs,6485,214,24,13,30,2015-06-24 13:30:00
78120,purpledrank_hs,6485,203,24,13,40,2015-06-24 13:40:00
78144,purpledrank_hs,6485,222,24,13,50,2015-06-24 13:50:00
78170,purpledrank_hs,6485,222,24,14,0,2015-06-24 14:00:00
78193,purpledrank_hs,6493,215,24,14,10,2015-06-24 14:10:00
78219,purpledrank_hs,6493,206,24,14,20,2015-06-24 14:20:00
78240,purpledrank_hs,6494,264,24,14,30,2015-06-24 14:30:00
78264,purpledrank_hs,6494,267,24,14,40,2015-06-24 14:40:00
78292,purpledrank_hs,6494,258,24,14,50,2015-06-24 14:50:00
78318,purpledrank_hs,6494,279,24,15,0,2015-06-24 15:00:00
78341,purpledrank_hs,6501,304,24,15,10,2015-06-24 15:10:00
78368,purpledrank_hs,6503,285,24,15,20,2015-06-24 15:20:00
80330,amazhs,453075,1777,25,6,10,2015-06-25 06:10:00
80351,amazhs,453077,4913,25,6,20,2015-06-25 06:20:00
80375,amazhs,453077,7931,25,6,30,2015-06-25 06:30:00
80400,amazhs,453077,10802,25,6,40,2015-06-25 06:40:00
80425,amazhs,453077,13111,25,6,50,2015-06-25 06:50:00
80450,amazhs,453077,14522,25,7,0,2015-06-25 07:00:00
80475,amazhs,453218,16389,25,7,10,2015-06-25 07:10:00
80500,amazhs,453283,18033,25,7,20,2015-06-25 07:20:00
80525,amazhs,453283,18983,25,7,30,2015-06-25 07:30:00
80550,amazhs,453363,20745,25,7,40,2015-06-25 07:40:00
80575,amazhs,453363,21299,25,7,50,2015-06-25 07:50:00
80600,amazhs,453363,21096,25,8,0,2015-06-25 08:00:00
80625,amazhs,453508,21996,25,8,10,2015-06-25 08:10:00
80650,amazhs,453564,24895,25,8,20,2015-06-25 08:20:00
80675,amazhs,453564,23968,25,8,30,2015-06-25 08:30:00
80700,amazhs,453564,24775,25,8,40,2015-06-25 08:40:00
80725,amazhs,453564,25538,25,8,50,2015-06-25 08:50:00
80750,amazhs,453564,29030,25,9,0,2015-06-25 09:00:00
80775,amazhs,453803,28618,25,9,10,2015-06-25 09:10:00
80800,amazhs,453850,28378,25,9,20,2015-06-25 09:20:00
80825,amazhs,453850,25947,25,9,30,2015-06-25 09:30:00
80850,amazhs,453850,26014,25,9,40,2015-06-25 09:40:00
80875,amazhs,453850,26430,25,9,50,2015-06-25 09:50:00
80900,amazhs,453850,25110,25,10,0,2015-06-25 10:00:00
80921,purpledrank_hs,6516,214,25,10,0,2015-06-25 10:00:00
80925,amazhs,454060,24358,25,10,10,2015-06-25 10:10:00
80947,purpledrank_hs,6516,200,25,10,10,2015-06-25 10:10:00
80950,amazhs,454115,23770,25,10,20,2015-06-25 10:20:00
80971,purpledrank_hs,6524,204,25,10,20,2015-06-25 10:20:00
80976,purpledrank_hs,6524,6623,25,10,30,2015-06-25 10:30:00
81002,purpledrank_hs,6524,5714,25,10,40,2015-06-25 10:40:00
81027,purpledrank_hs,6524,4502,25,10,50,2015-06-25 10:50:00
81052,purpledrank_hs,6524,4039,25,11,0,2015-06-25 11:00:00
81077,purpledrank_hs,6603,3549,25,11,10,2015-06-25 11:10:00
81106,purpledrank_hs,6621,2870,25,11,30,2015-06-25 11:30:00
81131,purpledrank_hs,6621,2591,25,11,40,2015-06-25 11:40:00
81155,purpledrank_hs,6621,2370,25,11,50,2015-06-25 11:50:00
81180,purpledrank_hs,6621,2121,25,12,0,2015-06-25 12:00:00
81205,purpledrank_hs,6621,1937,25,12,10,2015-06-25 12:10:00
81231,purpledrank_hs,6665,1833,25,12,20,2015-06-25 12:20:00
81256,purpledrank_hs,6665,1769,25,12,30,2015-06-25 12:30:00
81281,purpledrank_hs,6665,1554,25,12,40,2015-06-25 12:40:00
81306,purpledrank_hs,6665,1537,25,12,50,2015-06-25 12:50:00
81331,purpledrank_hs,6665,1418,25,13,0,2015-06-25 13:00:00
81357,purpledrank_hs,6665,1277,25,13,10,2015-06-25 13:10:00
81382,purpledrank_hs,6688,1232,25,13,20,2015-06-25 13:20:00
81408,purpledrank_hs,6688,1167,25,13,30,2015-06-25 13:30:00
81435,purpledrank_hs,6688,1096,25,13,40,2015-06-25 13:40:00
81459,purpledrank_hs,6704,1007,25,13,50,2015-06-25 13:50:00
81484,purpledrank_hs,6704,981,25,14,0,2015-06-25 14:00:00
81513,purpledrank_hs,6706,315,25,14,10,2015-06-25 14:10:00
81532,purpledrank_hs,6708,890,25,14,30,2015-06-25 14:30:00
81541,xixo,29501,260,25,14,30,2015-06-25 14:30:00
81557,purpledrank_hs,6708,827,25,14,40,2015-06-25 14:40:00
81563,xixo,29501,336,25,14,40,2015-06-25 14:40:00
81574,zalaehs,9507,126,25,14,40,2015-06-25 14:40:00
81583,purpledrank_hs,6717,849,25,14,50,2015-06-25 14:50:00
81589,xixo,29501,494,25,14,50,2015-06-25 14:50:00
81593,zalaehs,9507,207,25,14,50,2015-06-25 14:50:00
81610,purpledrank_hs,6717,838,25,15,0,2015-06-25 15:00:00
81614,xixo,29508,604,25,15,0,2015-06-25 15:00:00
81620,zalaehs,9507,165,25,15,0,2015-06-25 15:00:00
81634,purpledrank_hs,6717,971,25,15,10,2015-06-25 15:10:00
81659,purpledrank_hs,6737,915,25,15,20,2015-06-25 15:20:00
81673,zalaehs,9513,155,25,15,20,2015-06-25 15:20:00
81686,purpledrank_hs,6737,783,25,15,40,2015-06-25 15:40:00
81710,purpledrank_hs,6737,793,25,15,50,2015-06-25 15:50:00
81733,purpledrank_hs,6737,776,25,16,0,2015-06-25 16:00:00
81758,purpledrank_hs,6737,744,25,16,10,2015-06-25 16:10:00
81784,purpledrank_hs,6760,695,25,16,20,2015-06-25 16:20:00
81809,purpledrank_hs,6760,680,25,16,30,2015-06-25 16:30:00
81833,purpledrank_hs,6760,651,25,16,40,2015-06-25 16:40:00
81859,purpledrank_hs,6760,577,25,16,50,2015-06-25 16:50:00
81884,purpledrank_hs,6760,595,25,17,0,2015-06-25 17:00:00
81908,purpledrank_hs,6760,589,25,17,10,2015-06-25 17:10:00
81935,purpledrank_hs,6773,594,25,17,20,2015-06-25 17:20:00
81960,purpledrank_hs,6773,516,25,17,30,2015-06-25 17:30:00
81983,purpledrank_hs,6773,541,25,17,50,2015-06-25 17:50:00
82009,purpledrank_hs,6773,524,25,18,0,2015-06-25 18:00:00
82033,purpledrank_hs,6773,515,25,18,10,2015-06-25 18:10:00
82059,purpledrank_hs,6791,592,25,18,20,2015-06-25 18:20:00
82083,purpledrank_hs,6791,524,25,18,30,2015-06-25 18:30:00
82109,purpledrank_hs,6791,543,25,18,40,2015-06-25 18:40:00
82132,purpledrank_hs,6791,473,25,18,50,2015-06-25 18:50:00
82158,purpledrank_hs,6791,517,25,19,0,2015-06-25 19:00:00
82184,purpledrank_hs,6791,494,25,19,10,2015-06-25 19:10:00
82209,purpledrank_hs,6800,475,25,19,20,2015-06-25 19:20:00
82234,purpledrank_hs,6800,459,25,19,30,2015-06-25 19:30:00
82259,purpledrank_hs,6800,469,25,19,40,2015-06-25 19:40:00
82284,purpledrank_hs,6800,463,25,19,50,2015-06-25 19:50:00
82310,purpledrank_hs,6800,416,25,20,10,2015-06-25 20:10:00
82608,deernadia,131778,440,25,22,30,2015-06-25 22:30:00
82630,deernadia,131778,1101,25,22,50,2015-06-25 22:50:00
82655,deernadia,131778,1206,25,23,0,2015-06-25 23:00:00
82680,deernadia,131778,1225,25,23,10,2015-06-25 23:10:00
82704,deernadia,131816,1323,25,23,20,2015-06-25 23:20:00
82728,deernadia,131816,1535,25,23,30,2015-06-25 23:30:00
82753,deernadia,131816,1400,25,23,40,2015-06-25 23:40:00
82777,deernadia,131816,1647,25,23,50,2015-06-25 23:50:00
82801,deernadia,131816,1831,26,0,0,2015-06-26 00:00:00
83653,amazhs,454253,2134,26,6,10,2015-06-26 06:10:00
83676,amazhs,454269,5742,26,6,20,2015-06-26 06:20:00
83701,amazhs,454269,8590,26,6,30,2015-06-26 06:30:00
83726,amazhs,454269,10376,26,6,40,2015-06-26 06:40:00
83751,amazhs,454269,11625,26,6,50,2015-06-26 06:50:00
83776,amazhs,454269,13095,26,7,0,2015-06-26 07:00:00
83801,amazhs,454269,13729,26,7,10,2015-06-26 07:10:00
83826,amazhs,454416,15191,26,7,20,2015-06-26 07:20:00
83850,amazhs,454416,16752,26,7,30,2015-06-26 07:30:00
83875,amazhs,454416,19595,26,7,40,2015-06-26 07:40:00
83900,amazhs,454416,19901,26,7,50,2015-06-26 07:50:00
83925,amazhs,454416,21401,26,8,0,2015-06-26 08:00:00
83950,amazhs,454416,22521,26,8,10,2015-06-26 08:10:00
83975,amazhs,454642,24328,26,8,20,2015-06-26 08:20:00
84000,amazhs,454702,24431,26,8,30,2015-06-26 08:30:00
84025,amazhs,454702,24308,26,8,40,2015-06-26 08:40:00
84050,amazhs,454702,24431,26,8,50,2015-06-26 08:50:00
84071,purpledrank_hs,6831,154,26,8,50,2015-06-26 08:50:00
84075,amazhs,454702,23474,26,9,10,2015-06-26 09:10:00
84095,purpledrank_hs,6831,198,26,9,10,2015-06-26 09:10:00
84100,amazhs,454913,22055,26,9,20,2015-06-26 09:20:00
84121,purpledrank_hs,6843,204,26,9,20,2015-06-26 09:20:00
84126,purpledrank_hs,6843,7623,26,9,30,2015-06-26 09:30:00
84151,purpledrank_hs,6843,5680,26,9,40,2015-06-26 09:40:00
84176,purpledrank_hs,6843,5212,26,9,50,2015-06-26 09:50:00
84201,purpledrank_hs,6843,4706,26,10,0,2015-06-26 10:00:00
84226,purpledrank_hs,6843,4229,26,10,10,2015-06-26 10:10:00
84251,purpledrank_hs,6955,3495,26,10,20,2015-06-26 10:20:00
84276,purpledrank_hs,6955,3392,26,10,30,2015-06-26 10:30:00
84302,purpledrank_hs,6955,3218,26,10,40,2015-06-26 10:40:00
84327,purpledrank_hs,6955,2992,26,10,50,2015-06-26 10:50:00
84353,purpledrank_hs,6955,2865,26,11,0,2015-06-26 11:00:00
84378,purpledrank_hs,7012,2646,26,11,10,2015-06-26 11:10:00
84403,purpledrank_hs,7015,2540,26,11,20,2015-06-26 11:20:00
84430,purpledrank_hs,7015,2063,26,11,30,2015-06-26 11:30:00
84455,purpledrank_hs,7015,1990,26,11,40,2015-06-26 11:40:00
84482,purpledrank_hs,7015,1857,26,11,50,2015-06-26 11:50:00
84507,purpledrank_hs,7015,1727,26,12,0,2015-06-26 12:00:00
84532,purpledrank_hs,7015,1635,26,12,10,2015-06-26 12:10:00
84557,purpledrank_hs,7059,1408,26,12,20,2015-06-26 12:20:00
84580,purpledrank_hs,7059,1383,26,12,30,2015-06-26 12:30:00
84606,purpledrank_hs,7059,1362,26,12,40,2015-06-26 12:40:00
84631,purpledrank_hs,7059,1419,26,12,50,2015-06-26 12:50:00
84657,purpledrank_hs,7059,1270,26,13,0,2015-06-26 13:00:00
84681,purpledrank_hs,7059,1377,26,13,10,2015-06-26 13:10:00
84704,purpledrank_hs,7091,1473,26,13,20,2015-06-26 13:20:00
84729,purpledrank_hs,7091,1515,26,13,30,2015-06-26 13:30:00
84758,purpledrank_hs,7091,1433,26,13,40,2015-06-26 13:40:00
84784,purpledrank_hs,7091,1179,26,13,50,2015-06-26 13:50:00
84811,purpledrank_hs,7091,1134,26,14,0,2015-06-26 14:00:00
84835,purpledrank_hs,7091,1091,26,14,10,2015-06-26 14:10:00
84860,purpledrank_hs,7129,955,26,14,40,2015-06-26 14:40:00
84885,purpledrank_hs,7129,885,26,14,50,2015-06-26 14:50:00
84911,purpledrank_hs,7129,820,26,15,0,2015-06-26 15:00:00
84935,purpledrank_hs,7129,781,26,15,10,2015-06-26 15:10:00
84960,purpledrank_hs,7158,761,26,15,20,2015-06-26 15:20:00
84984,purpledrank_hs,7158,715,26,15,30,2015-06-26 15:30:00
85095,zalaehs,9517,79,26,17,10,2015-06-26 17:10:00
85121,zalaehs,9517,88,26,17,20,2015-06-26 17:20:00
85145,zalaehs,9517,94,26,17,30,2015-06-26 17:30:00
85170,zalaehs,9517,104,26,17,40,2015-06-26 17:40:00
85193,zalaehs,9517,99,26,17,50,2015-06-26 17:50:00
85217,zalaehs,9517,95,26,18,0,2015-06-26 18:00:00
85243,zalaehs,9517,103,26,18,10,2015-06-26 18:10:00
85268,zalaehs,9519,102,26,18,20,2015-06-26 18:20:00
85295,zalaehs,9519,93,26,18,40,2015-06-26 18:40:00
85319,zalaehs,9519,98,26,18,50,2015-06-26 18:50:00
86872,purpledrank_hs,7192,122,27,6,30,2015-06-27 06:30:00
86890,purpledrank_hs,7192,200,27,6,40,2015-06-27 06:40:00
86914,purpledrank_hs,7192,247,27,6,50,2015-06-27 06:50:00
86939,purpledrank_hs,7192,291,27,7,0,2015-06-27 07:00:00
86965,purpledrank_hs,7192,233,27,7,10,2015-06-27 07:10:00
86990,purpledrank_hs,7202,292,27,7,20,2015-06-27 07:20:00
87015,purpledrank_hs,7202,329,27,7,30,2015-06-27 07:30:00
87039,purpledrank_hs,7202,360,27,7,40,2015-06-27 07:40:00
87063,purpledrank_hs,7202,389,27,7,50,2015-06-27 07:50:00
87088,purpledrank_hs,7202,454,27,8,0,2015-06-27 08:00:00
87114,purpledrank_hs,7229,424,27,8,20,2015-06-27 08:20:00
87139,purpledrank_hs,7229,437,27,8,30,2015-06-27 08:30:00
87164,purpledrank_hs,7229,468,27,8,40,2015-06-27 08:40:00
87190,purpledrank_hs,7229,450,27,8,50,2015-06-27 08:50:00
87215,purpledrank_hs,7229,431,27,9,0,2015-06-27 09:00:00
87233,purpledrank_hs,7229,672,27,9,10,2015-06-27 09:10:00
87260,purpledrank_hs,7254,652,27,9,20,2015-06-27 09:20:00
87285,purpledrank_hs,7254,719,27,9,30,2015-06-27 09:30:00
87312,purpledrank_hs,7254,613,27,9,40,2015-06-27 09:40:00
87336,purpledrank_hs,7254,664,27,9,50,2015-06-27 09:50:00
87362,purpledrank_hs,7254,579,27,10,10,2015-06-27 10:10:00
87388,purpledrank_hs,7278,526,27,10,20,2015-06-27 10:20:00
87413,purpledrank_hs,7278,489,27,10,30,2015-06-27 10:30:00
87439,purpledrank_hs,7278,503,27,10,40,2015-06-27 10:40:00
87464,purpledrank_hs,7278,494,27,10,50,2015-06-27 10:50:00
88140,xixo,29525,205,27,15,50,2015-06-27 15:50:00
88163,xixo,29526,268,27,16,0,2015-06-27 16:00:00
88187,xixo,29537,319,27,16,20,2015-06-27 16:20:00
88212,xixo,29537,342,27,16,30,2015-06-27 16:30:00
88237,xixo,29537,318,27,16,40,2015-06-27 16:40:00
88261,xixo,29537,331,27,16,50,2015-06-27 16:50:00
88284,xixo,29537,483,27,17,10,2015-06-27 17:10:00
88309,xixo,29539,492,27,17,20,2015-06-27 17:20:00
88334,xixo,29539,516,27,17,30,2015-06-27 17:30:00
88359,xixo,29539,527,27,17,40,2015-06-27 17:40:00
88381,xixo,29539,582,27,17,50,2015-06-27 17:50:00
88406,xixo,29539,565,27,18,0,2015-06-27 18:00:00
88433,xixo,29539,726,27,18,10,2015-06-27 18:10:00
88457,xixo,29564,768,27,18,20,2015-06-27 18:20:00
88480,xixo,29564,793,27,18,30,2015-06-27 18:30:00
88506,xixo,29569,637,27,18,40,2015-06-27 18:40:00
88529,xixo,29569,845,27,18,50,2015-06-27 18:50:00
88554,xixo,29569,1008,27,19,0,2015-06-27 19:00:00
88579,xixo,29569,1064,27,19,10,2015-06-27 19:10:00
88602,xixo,29608,1195,27,19,20,2015-06-27 19:20:00
88627,xixo,29608,1498,27,19,50,2015-06-27 19:50:00
88652,xixo,29608,1479,27,20,0,2015-06-27 20:00:00
88677,xixo,29608,1539,27,20,10,2015-06-27 20:10:00
88703,xixo,29636,1453,27,20,20,2015-06-27 20:20:00
88728,xixo,29636,1356,27,20,30,2015-06-27 20:30:00
88753,xixo,29636,1418,27,20,50,2015-06-27 20:50:00
88778,xixo,29636,1266,27,21,0,2015-06-27 21:00:00
88804,deernadia,132031,865,27,21,20,2015-06-27 21:20:00
88829,deernadia,132031,1006,27,21,30,2015-06-27 21:30:00
88854,deernadia,132031,1409,27,21,50,2015-06-27 21:50:00
88878,deernadia,132031,1641,27,22,0,2015-06-27 22:00:00
88903,deernadia,132117,1810,27,22,20,2015-06-27 22:20:00
88928,deernadia,132117,1894,27,22,30,2015-06-27 22:30:00
88953,deernadia,132117,1869,27,22,50,2015-06-27 22:50:00
88978,deernadia,132117,1881,27,23,0,2015-06-27 23:00:00
89003,deernadia,132117,1963,27,23,10,2015-06-27 23:10:00
89028,deernadia,132217,2103,27,23,20,2015-06-27 23:20:00
89053,deernadia,132217,1915,27,23,30,2015-06-27 23:30:00
89078,deernadia,132217,2038,27,23,40,2015-06-27 23:40:00
89103,deernadia,132217,1973,27,23,50,2015-06-27 23:50:00
89128,deernadia,132217,2146,28,0,0,2015-06-28 00:00:00
89153,deernadia,132217,2286,28,0,10,2015-06-28 00:10:00
89177,deernadia,132326,2438,28,0,30,2015-06-28 00:30:00
89203,deernadia,132326,2532,28,0,40,2015-06-28 00:40:00
89228,deernadia,132326,2380,28,0,50,2015-06-28 00:50:00
89253,deernadia,132326,2634,28,1,0,2015-06-28 01:00:00
89277,deernadia,132326,2969,28,1,10,2015-06-28 01:10:00
89302,deernadia,132456,3143,28,1,20,2015-06-28 01:20:00
89326,deernadia,132456,3489,28,1,30,2015-06-28 01:30:00
89351,deernadia,132456,3911,28,1,40,2015-06-28 01:40:00
89376,deernadia,132456,3907,28,1,50,2015-06-28 01:50:00
89401,deernadia,132456,3996,28,2,0,2015-06-28 02:00:00
90699,purpledrank_hs,7314,151,28,11,0,2015-06-28 11:00:00
90823,purpledrank_hs,7316,187,28,12,0,2015-06-28 12:00:00
90847,purpledrank_hs,7316,207,28,12,10,2015-06-28 12:10:00
90871,purpledrank_hs,7316,181,28,12,20,2015-06-28 12:20:00
90898,purpledrank_hs,7319,182,28,12,40,2015-06-28 12:40:00
90921,purpledrank_hs,7320,211,28,12,50,2015-06-28 12:50:00
90943,purpledrank_hs,7320,276,28,13,0,2015-06-28 13:00:00
90967,purpledrank_hs,7320,264,28,13,10,2015-06-28 13:10:00
90992,purpledrank_hs,7322,257,28,13,30,2015-06-28 13:30:00
91020,purpledrank_hs,7323,239,28,13,40,2015-06-28 13:40:00
91045,purpledrank_hs,7323,252,28,13,50,2015-06-28 13:50:00
91072,purpledrank_hs,7323,201,28,14,0,2015-06-28 14:00:00
91094,purpledrank_hs,7323,197,28,14,10,2015-06-28 14:10:00
91119,purpledrank_hs,7323,203,28,14,20,2015-06-28 14:20:00
93302,amazhs,455298,4913,29,6,20,2015-06-29 06:20:00
93327,amazhs,455298,7417,29,6,30,2015-06-29 06:30:00
93352,amazhs,455298,8755,29,6,40,2015-06-29 06:40:00
93377,amazhs,455355,9574,29,6,50,2015-06-29 06:50:00
93401,amazhs,455355,11128,29,7,0,2015-06-29 07:00:00
93426,amazhs,455355,12621,29,7,10,2015-06-29 07:10:00
93451,amazhs,455452,12992,29,7,20,2015-06-29 07:20:00
93475,amazhs,455452,15387,29,7,30,2015-06-29 07:30:00
93500,amazhs,455452,16011,29,7,40,2015-06-29 07:40:00
93525,amazhs,455452,17749,29,7,50,2015-06-29 07:50:00
93550,amazhs,455452,20769,29,8,0,2015-06-29 08:00:00
93575,amazhs,455452,18685,29,8,10,2015-06-29 08:10:00
93600,amazhs,455716,21420,29,8,20,2015-06-29 08:20:00
93625,amazhs,455716,22102,29,8,30,2015-06-29 08:30:00
93650,amazhs,455716,23571,29,8,40,2015-06-29 08:40:00
93675,amazhs,455716,23176,29,8,50,2015-06-29 08:50:00
93700,amazhs,455716,25279,29,9,0,2015-06-29 09:00:00
93725,amazhs,455716,23749,29,9,10,2015-06-29 09:10:00
93750,amazhs,455979,24889,29,9,20,2015-06-29 09:20:00
93775,amazhs,455979,25547,29,9,30,2015-06-29 09:30:00
93800,amazhs,455979,26793,29,9,40,2015-06-29 09:40:00
93826,purpledrank_hs,7330,8296,29,9,50,2015-06-29 09:50:00
93851,purpledrank_hs,7330,5945,29,10,0,2015-06-29 10:00:00
93877,purpledrank_hs,7387,4103,29,10,20,2015-06-29 10:20:00
93902,purpledrank_hs,7387,3549,29,10,30,2015-06-29 10:30:00
93928,purpledrank_hs,7405,2959,29,10,40,2015-06-29 10:40:00
93953,purpledrank_hs,7405,2948,29,10,50,2015-06-29 10:50:00
93980,purpledrank_hs,7405,2861,29,11,0,2015-06-29 11:00:00
94004,purpledrank_hs,7405,2653,29,11,10,2015-06-29 11:10:00
94029,purpledrank_hs,7430,2720,29,11,20,2015-06-29 11:20:00
94055,purpledrank_hs,7430,2351,29,11,30,2015-06-29 11:30:00
94079,purpledrank_hs,7430,2349,29,11,40,2015-06-29 11:40:00
94104,purpledrank_hs,7430,2327,29,11,50,2015-06-29 11:50:00
94130,purpledrank_hs,7430,2305,29,12,0,2015-06-29 12:00:00
94154,purpledrank_hs,7430,2161,29,12,10,2015-06-29 12:10:00
94182,purpledrank_hs,7465,1705,29,12,30,2015-06-29 12:30:00
94218,orange_hs,9126,581,29,12,50,2015-06-29 12:50:00
94242,orange_hs,9126,457,29,13,0,2015-06-29 13:00:00
94260,orange_hs,9126,1197,29,13,10,2015-06-29 13:10:00
94280,orange_hs,9163,1950,29,13,20,2015-06-29 13:20:00
94295,hero_firebat,62124,312,29,13,20,2015-06-29 13:20:00
94306,orange_hs,9163,1632,29,13,30,2015-06-29 13:30:00
94312,hero_firebat,62124,519,29,13,30,2015-06-29 13:30:00
94334,orange_hs,9177,1464,29,13,50,2015-06-29 13:50:00
94336,hero_firebat,62124,947,29,13,50,2015-06-29 13:50:00
94360,orange_hs,9177,1302,29,14,0,2015-06-29 14:00:00
94361,hero_firebat,62124,968,29,14,0,2015-06-29 14:00:00
94385,orange_hs,9177,1184,29,14,10,2015-06-29 14:10:00
94388,hero_firebat,62124,920,29,14,10,2015-06-29 14:10:00
94410,hero_firebat,62149,977,29,14,30,2015-06-29 14:30:00
94411,orange_hs,9219,926,29,14,30,2015-06-29 14:30:00
94437,hero_firebat,62149,984,29,14,50,2015-06-29 14:50:00
94438,orange_hs,9219,777,29,14,50,2015-06-29 14:50:00
94460,orange_hs,9219,778,29,15,0,2015-06-29 15:00:00
95113,xixo,29662,155,29,20,20,2015-06-29 20:20:00
95141,xixo,29662,137,29,20,30,2015-06-29 20:30:00
95164,xixo,29662,153,29,20,40,2015-06-29 20:40:00
95189,xixo,29662,175,29,20,50,2015-06-29 20:50:00
95309,deernadia,132817,246,29,22,0,2015-06-29 22:00:00
95327,deernadia,132827,1140,29,22,20,2015-06-29 22:20:00
95352,deernadia,132827,1282,29,22,30,2015-06-29 22:30:00
95377,deernadia,132827,1426,29,22,40,2015-06-29 22:40:00
95402,deernadia,132827,1777,29,23,0,2015-06-29 23:00:00
95427,deernadia,132827,1792,29,23,10,2015-06-29 23:10:00
95452,deernadia,132916,1898,29,23,20,2015-06-29 23:20:00
95477,deernadia,132916,1924,29,23,40,2015-06-29 23:40:00
95502,deernadia,132916,2063,29,23,50,2015-06-29 23:50:00
96329,amazhs,456248,2271,30,6,10,2015-06-30 06:10:00
96351,amazhs,456268,5324,30,6,20,2015-06-30 06:20:00
96376,amazhs,456268,10026,30,6,40,2015-06-30 06:40:00
96400,amazhs,456268,12629,30,6,50,2015-06-30 06:50:00
96425,amazhs,456268,14326,30,7,0,2015-06-30 07:00:00
96450,amazhs,456268,16153,30,7,10,2015-06-30 07:10:00
96475,amazhs,456482,17960,30,7,20,2015-06-30 07:20:00
96500,amazhs,456482,18301,30,7,30,2015-06-30 07:30:00
96525,amazhs,456482,20016,30,7,40,2015-06-30 07:40:00
96550,amazhs,456482,21405,30,7,50,2015-06-30 07:50:00
96575,amazhs,456482,22814,30,8,0,2015-06-30 08:00:00
96600,amazhs,456482,23032,30,8,10,2015-06-30 08:10:00
96625,amazhs,456762,22225,30,8,30,2015-06-30 08:30:00
96899,xixo,29673,243,30,10,20,2015-06-30 10:20:00
96921,xixo,29673,300,30,10,30,2015-06-30 10:30:00
96945,xixo,29673,319,30,10,40,2015-06-30 10:40:00
96969,xixo,29673,322,30,10,50,2015-06-30 10:50:00
96996,xixo,29673,321,30,11,0,2015-06-30 11:00:00
97020,xixo,29673,340,30,11,10,2015-06-30 11:10:00
97122,purpledrank_hs,7495,205,30,11,50,2015-06-30 11:50:00
97147,purpledrank_hs,7495,206,30,12,0,2015-06-30 12:00:00
97174,purpledrank_hs,7495,205,30,12,10,2015-06-30 12:10:00
97224,purpledrank_hs,7494,195,30,12,30,2015-06-30 12:30:00
97246,purpledrank_hs,7494,212,30,12,40,2015-06-30 12:40:00
97274,purpledrank_hs,7494,193,30,12,50,2015-06-30 12:50:00
97298,purpledrank_hs,7494,199,30,13,0,2015-06-30 13:00:00
97319,purpledrank_hs,7498,209,30,13,10,2015-06-30 13:10:00
97344,purpledrank_hs,7499,209,30,13,20,2015-06-30 13:20:00
97367,purpledrank_hs,7499,253,30,13,30,2015-06-30 13:30:00
97392,purpledrank_hs,7499,229,30,13,40,2015-06-30 13:40:00
97419,purpledrank_hs,7499,205,30,13,50,2015-06-30 13:50:00
97444,purpledrank_hs,7503,203,30,14,0,2015-06-30 14:00:00
97467,purpledrank_hs,7503,197,30,14,10,2015-06-30 14:10:00
97493,purpledrank_hs,7506,203,30,14,20,2015-06-30 14:20:00
97520,purpledrank_hs,7506,223,30,14,30,2015-06-30 14:30:00
97544,purpledrank_hs,7506,205,30,14,40,2015-06-30 14:40:00
97569,purpledrank_hs,7506,201,30,14,50,2015-06-30 14:50:00
97620,xixo,29685,224,30,15,10,2015-06-30 15:10:00
97638,xixo,29689,424,30,15,20,2015-06-30 15:20:00
97662,xixo,29689,463,30,15,30,2015-06-30 15:30:00
97684,xixo,29698,660,30,16,20,2015-06-30 16:20:00
97706,xixo,29698,739,30,16,30,2015-06-30 16:30:00
97732,xixo,29698,834,30,16,40,2015-06-30 16:40:00
97757,xixo,29698,909,30,17,0,2015-06-30 17:00:00
97782,xixo,29698,903,30,17,10,2015-06-30 17:10:00
97807,xixo,29720,1059,30,17,30,2015-06-30 17:30:00
97833,xixo,29720,981,30,17,40,2015-06-30 17:40:00
97859,xixo,29720,918,30,17,50,2015-06-30 17:50:00
97883,xixo,29720,890,30,18,0,2015-06-30 18:00:00
97905,xixo,29720,742,30,18,10,2015-06-30 18:10:00
98035,xixo,29754,137,30,19,0,2015-06-30 19:00:00
98058,xixo,29754,320,30,19,10,2015-06-30 19:10:00
98083,xixo,29756,366,30,19,20,2015-06-30 19:20:00
98108,xixo,29756,429,30,19,30,2015-06-30 19:30:00
98131,xixo,29756,490,30,19,40,2015-06-30 19:40:00
98156,xixo,29756,509,30,19,50,2015-06-30 19:50:00
98182,xixo,29756,567,30,20,10,2015-06-30 20:10:00
98206,xixo,29766,543,30,20,30,2015-06-30 20:30:00
98231,xixo,29766,528,30,20,40,2015-06-30 20:40:00
98256,xixo,29766,545,30,21,10,2015-06-30 21:10:00
98281,xixo,29776,555,30,21,20,2015-06-30 21:20:00
98307,xixo,29776,399,30,21,30,2015-06-30 21:30:00
98332,xixo,29780,560,30,21,40,2015-06-30 21:40:00
98356,xixo,29780,610,30,22,0,2015-06-30 22:00:00
98381,xixo,29780,610,30,22,10,2015-06-30 22:10:00
98405,xixo,29787,675,30,22,20,2015-06-30 22:20:00
98430,xixo,29787,733,30,22,30,2015-06-30 22:30:00
